OBJECTID;LNG;LAT;DATE;TIME;DAY;CLASS;ADDRESS;SEVERITY
257040;-75.5977627;6.258442895;1/01/2016;1:00 a m;Friday;Collision;CR 80 CL 47 D;INJURED
257082;-75.65555189;6.183713199;1/01/2016;1:00 p m;Friday;Occupant fall;CL 43 sur CR 78;INJURED
257081;-75.5484459;6.247266296;1/01/2016;1:15 a m;Friday;run over pedestrian;CL 57 A CR 28;INJURED
257062;-75.62932271;6.249808595;1/01/2016;1:30 a m;Friday;Collision;CL 39 CR 119;INJURED
257041;-75.55913654;6.208938449;1/01/2016;1:30 p m;Friday;Collision;CL 10 CR 30;INJURED
257076;-75.59824752;6.276088418;1/01/2016;1:30 p m;Friday;Occupant fall;CR 88 CL 66;INJURED
257104;-75.58748473;6.221784415;1/01/2016;1:40 p m;Friday;Collision;CR 66 CL 17;MATERIAL DAMAGES
257093;-75.55448381;6.237964618;1/01/2016;1:45 p m;Friday;Collision;CL 45 CR 30;MATERIAL DAMAGES
257101;-75.56696252;6.30781655;1/01/2016;1:50 p m;Friday;Collision;CL 112 CR 68 A;MATERIAL DAMAGES
257037;-75.55572997;6.305736623;1/01/2016;2:00 a m;Friday;run over pedestrian;CR 52 CL 120 A;INJURED
257035;-75.63770351;6.275731509;1/01/2016;2:00 p m;Friday;Collision;CL 59 CR 133;INJURED
257095;-75.61312443;6.244489194;1/01/2016;2:20 p m;Friday;Collision;CL 35 CR 87 C;MATERIAL DAMAGES
257044;-75.59983421;6.228285197;1/01/2016;2:50 p m;Friday;Collision;CR 80 CL 25;INJURED
257051;-75.58031131;6.194811705;1/01/2016;3:00 p m;Friday;Other;CR 49 CL 12 Sur;INJURED
257038;-75.58336626;6.293494316;1/01/2016;3:30 p m;Friday;Occupant fall;CR 80 CL 94;INJURED
257075;-75.58517263;6.295178489;1/01/2016;3:30 p m;Friday;run over pedestrian;CL 94 D CR 83 D;INJURED
257067;-75.54400341;6.241471468;1/01/2016;3:50 p m;Friday;Collision;CL 56 CR 22;INJURED
257105;-75.56539543;6.307126856;1/01/2016;4:00 a m;Friday;Collision;CR 67 CL 112;MATERIAL DAMAGES
257045;-75.60589575;6.235321411;1/01/2016;4:00 p m;Friday;Other;CR 83 CL 32 B;INJURED
257097;-75.59182853;6.289592988;1/01/2016;4:10 a m;Friday;Collision;CR 92 C CL 80 C;MATERIAL DAMAGES
257071;-75.57881216;6.292005128;1/01/2016;4:30 a m;Friday;run over pedestrian;CL 95 CR 74 B;INJURED
257080;-75.58604249;6.283022095;1/01/2016;4:30 a m;Friday;Occupant fall;CL 80 CR 82;INJURED
257061;-75.57440333;6.303106382;1/01/2016;5:10 a m;Friday;Collision;CR 76 CL 104 B;INJURED
257069;-75.56468319;6.249281944;1/01/2016;5:38 a m;Friday;run over pedestrian;CR 46 CL 52;INJURED
257096;-75.62609093;6.246643097;1/01/2016;5:40 p m;Friday;Collision;CL 34 B CR 113 D;MATERIAL DAMAGES
257085;-75.55434272;6.277257848;1/01/2016;5:50 p m;Friday;run over pedestrian;CR 46 CL 85;INJURED
257039;-75.58120274;6.195227088;1/01/2016;6.:00 a m;Friday;Collision;CL 12 sur CR 49;INJURED
257058;-75.5581632;6.234239642;1/01/2016;6.:00 p m;Friday;Other;CL 36 B CR 31;INJURED
257034;-75.55314754;6.291688675;1/01/2016;6.:30 p m;Friday;Collision;CR 46 A CL 101;INJURED
257099;-75.58718909;6.282396809;1/01/2016;6.:45 p m;Friday;Collision;CL 77 D CR 77 DD;MATERIAL DAMAGES
257047;-75.60401504;6.22573549;1/01/2016;6.:50 p m;Friday;run over pedestrian;CR 82 A CL 20 A;INJURED
257049;-75.60310624;6.205885033;1/01/2016;7:00 p m;Friday;Other;CR 80 CL 6 Sur;INJURED
257089;-75.56727665;6.301067384;1/01/2016;7:00 p m;Friday;Collision;CR 67 CL 104;MATERIAL DAMAGES
257068;-75.56185756;6.24143797;1/01/2016;7:10 a m;Friday;run over pedestrian;CR 39 B CL 40;INJURED
257090;-75.55418814;6.285744316;1/01/2016;7:10 p m;Friday;Collision;CL 94 CR 46 A;MATERIAL DAMAGES
257053;-75.61389273;6.25840729;1/01/2016;7:20 p m;Friday;Collision;CR 99 CL 47 E;INJURED
257054;-75.58839154;6.254065909;1/01/2016;7:30 p m;Friday;Other;CR 70 CL 48;INJURED
257086;-75.55364483;6.28323476;1/01/2016;7:30 p m;Friday;run over pedestrian;CR 46 CL 92;INJURED
257056;-75.58610603;6.285935294;1/01/2016;8:00 a m;Friday;Occupant fall;CL 80 CR 85;INJURED
257060;-75.54659578;6.26480945;1/01/2016;8:00 a m;Friday;Collision;CR 34 CL 70;INJURED
257050;-75.56327602;6.302435211;1/01/2016;8:00 p m;Friday;Collision;CR 64 C CL 111 A;INJURED
257092;-75.57033827;6.286416917;1/01/2016;8:10 p m;Friday;Collision;CR 64 C CL 93;MATERIAL DAMAGES
257098;-75.61075568;6.254288552;1/01/2016;8:15 p m;Friday;Collision;CL 44 CR 94;MATERIAL DAMAGES
257091;-75.56724906;6.253709419;1/01/2016;8:20 p m;Friday;Collision;CR 51 CL 54;MATERIAL DAMAGES
257087;-75.55457022;6.295727535;1/01/2016;8:30 a m;Friday;run over pedestrian;CR 49 B CL 105;INJURED
257065;-75.57976285;6.247806872;1/01/2016;8:30 p m;Friday;Dumping;CR 62 CL 44;INJURED
257074;-75.56617154;6.296713859;1/01/2016;9:00 p m;Friday;Other;CR 64 AA CL 103 A;INJURED
257073;-75.56387604;6.307884808;1/01/2016;9:15 p m;Friday;Other;CR 64 AA CL 113;INJURED
257042;-75.55613931;6.281721432;1/01/2016;9:30 a m;Friday;Occupant fall;CR 49 CL 90;INJURED
257066;-75.58046807;6.248048051;1/01/2016;9:56 p m;Friday;Dumping;CR 63 CL 44;INJURED
257064;-75.5276849;6.201601097;1/01/2016;10:00 a m;Friday;Occupant fall;CR 1 CL 1;INJURED
257088;-75.53941739;6.235464506;1/01/2016;10:10 p m;Friday;Collision;CR 13 CL 52 B;MATERIAL DAMAGES
257094;-75.57503658;6.250174593;1/01/2016;10:15 p m;Friday;Collision;CR 57 CL 48;MATERIAL DAMAGES
257103;-75.55995664;6.28315295;1/01/2016;10:15 p m;Friday;Collision;CL 91 CR 50 C;MATERIAL DAMAGES
257079;-75.57681139;6.310030702;1/01/2016;10:30 a m;Friday;Occupant fall;CL 113 CR 81;INJURED
257083;-75.60867321;6.258264909;1/01/2016;11:00 p m;Friday;Dumping;CL 48 CR 91;INJURED
257107;-75.56126549;6.289866505;1/01/2016;11:00 p m;Friday;Collision;CR 51 A CL 97;MATERIAL DAMAGES
257078;-75.57895925;6.271710352;1/01/2016;11:10 a m;Friday;Occupant fall;CL 71 CR 67;INJURED
257100;-75.57889113;6.271690826;1/01/2016;11:20 a m;Friday;Collision;CR 67 CL 71;MATERIAL DAMAGES
257108;-75.57681139;6.310030702;1/01/2016;11:20 a m;Friday;Occupant fall;CL 113 CR 81;DEAD
257043;-75.56942689;6.253077476;1/01/2016;11:30 a m;Friday;Other;CL 53 CR 53;INJURED
257055;-75.59497856;6.281063134;1/01/2016;11:30 a m;Friday;Occupant fall;CL 76 A CR 90;INJURED
257059;-75.55631565;6.261430007;1/01/2016;11:40 a m;Friday;Collision;CR 45 CL 66;INJURED
257077;-75.57280476;6.276370391;1/01/2016;12:15 p m;Friday;run over pedestrian;CR 64 C CL 78;INJURED
257046;-75.65153341;6.185136935;1/01/2016;12:30 p m;Friday;Collision;CR 72 CL 40 Sur;INJURED
257106;-75.63488639;6.275228426;1/01/2016;12:30 p m;Friday;Collision;CL 58 CR 131;MATERIAL DAMAGES
257070;-75.54937099;6.275478832;1/01/2016;12:40 a m;Friday;run over pedestrian;CR 41 CL 84;INJURED
257173;-75.58046807;6.248048051;2/01/2016;1:00 p m;Saturday;Collision;CR 63 CL 44;MATERIAL DAMAGES
257119;-75.55370918;6.244329365;2/01/2016;1:10 a m;Saturday;run over pedestrian;CL 53 CR 34;INJURED
257125;-75.61230625;6.25021939;2/01/2016;1:15 p m;Saturday;Other;CL 38 CR 92;INJURED
257166;-75.55779646;6.244499397;2/01/2016;1:15 p m;Saturday;Collision;CR 37 CL 50;MATERIAL DAMAGES
257131;-75.5765081;6.291227975;2/01/2016;1:30 p m;Saturday;Occupant fall;CR 73 CL 95;INJURED
257159;-75.57152445;6.205774092;2/01/2016;1:45 p m;Saturday;Collision;CR 43 A CL 5 A;MATERIAL DAMAGES
257156;-75.54303174;6.294655797;2/01/2016;2:30 a m;Saturday;Dumping;CR 33 A CL 107 A;MATERIAL DAMAGES
257138;-75.56679189;6.196623095;2/01/2016;2:30 p m;Saturday;Dumping;CL 5 sur CR 32 B;INJURED
257133;-75.5700226;6.296542067;2/01/2016;2:40 p m;Saturday;Collision;CR 68 CL 101;INJURED
257115;-75.59775237;6.276862313;2/01/2016;2:45 p m;Saturday;run over pedestrian;CL 65 CR 88;INJURED
257162;-75.58748965;6.237473881;2/01/2016;3:05 p m;Saturday;Collision;CR 66 B CL 32 D;MATERIAL DAMAGES
257150;-75.58611486;6.25853905;2/01/2016;3:30 p m;Saturday;Occupant fall;CL 50 CR 70;INJURED
257148;-75.56600178;6.218321855;2/01/2016;3:35 p m;Saturday;Occupant fall;CR 38 CL 18;INJURED
257109;-75.56922932;6.275771411;2/01/2016;3:50 p m;Saturday;Collision;CR 62 CL 57;INJURED
257151;-75.54039426;6.152938159;2/01/2016;4:00 p m;Saturday;Collision;Tramo 8 Kilometro 9;INJURED
257154;-75.60012407;6.242639637;2/01/2016;4:00 p m;Saturday;Other;CR 80 CL 35;INJURED
257157;-75.55962146;6.20079326;2/01/2016;4:25 p m;Saturday;Collision;CL 3 CR 29;MATERIAL DAMAGES
257141;-75.56146221;6.286067972;2/01/2016;4:30 a m;Saturday;Dumping;CR 51 A CL 94;INJURED
257124;-75.57475907;6.227621968;2/01/2016;4:30 p m;Saturday;Dumping;CR 49 CL 27;INJURED
257123;-75.61617191;6.255176822;2/01/2016;4:40 p m;Saturday;Collision;CR 98 CL 41;INJURED
257174;-75.60975082;6.234625795;2/01/2016;4:40 p m;Saturday;Collision;CR 87 A CL 32 A;MATERIAL DAMAGES
257160;-75.56735097;6.25409843;2/01/2016;5:00 p m;Saturday;Collision;CL 54 CR 51;MATERIAL DAMAGES
257114;-75.56688378;6.248093661;2/01/2016;6.:00 p m;Saturday;Collision;CR 48 CL 49;INJURED
257158;-75.55932154;6.226684715;2/01/2016;6.:30 p m;Saturday;Collision;CR 28 CL 30;MATERIAL DAMAGES
257161;-75.59859037;6.278550207;2/01/2016;6.:45 p m;Saturday;Collision;CL 65 C CR 90;MATERIAL DAMAGES
257134;-75.55610161;6.267281358;2/01/2016;7:00 a m;Saturday;Collision;CR 46 CL 72;INJURED
257110;-75.53639463;6.297602945;2/01/2016;7:00 p m;Saturday;Occupant fall;CL 107 CR 28;INJURED
257163;-75.59094772;6.209592638;2/01/2016;7:00 p m;Saturday;Collision;CR 67 CL 1 Sur;MATERIAL DAMAGES
257129;-75.59636581;6.263425907;2/01/2016;7:30 p m;Saturday;Collision;CR 80 CL 50;INJURED
257165;-75.59945227;6.221704572;2/01/2016;7:30 p m;Saturday;Collision;Dg 79 CL 15;MATERIAL DAMAGES
257146;-75.57539459;6.239974403;2/01/2016;8:00 a m;Saturday;Dumping;CR 55 CL 38;INJURED
257168;-75.57098;6.23755253;2/01/2016;8:00 p m;Saturday;Collision;CL 37 CR 46;MATERIAL DAMAGES
257139;-75.59886321;6.271407675;2/01/2016;8:10 p m;Saturday;run over pedestrian;CR 84 CL 57;INJURED
257120;-75.59945227;6.221704572;2/01/2016;8:15 p m;Saturday;Other;Dg 79 CL 15;INJURED
257144;-75.55247251;6.27341642;2/01/2016;8:20 p m;Saturday;Collision;CL 81 CR 43 A;INJURED
257132;-75.5768864;6.255602453;2/01/2016;8:30 p m;Saturday;run over pedestrian;CR 62 CL 53;INJURED
257142;-75.57133886;6.290881994;2/01/2016;8:30 p m;Saturday;Collision;CR 67 CL 96;INJURED
257117;-75.57457795;6.257520617;2/01/2016;8:40 a m;Saturday;Collision;CR 62 CL 54;INJURED
257130;-75.58027644;6.250500013;2/01/2016;8:50 a m;Saturday;Dumping;CL 44 CR 63;INJURED
257170;-75.57511287;6.224148793;2/01/2016;9:00 p m;Saturday;Collision;CR 48 CL 20;MATERIAL DAMAGES
257135;-75.57851744;6.240020348;2/01/2016;9:30 a m;Saturday;Collision;CR 63 CL 34;INJURED
257167;-75.57280476;6.276370391;2/01/2016;9:40 p m;Saturday;Collision;CR 64 C CL 78;MATERIAL DAMAGES
257177;-75.57322427;6.260352025;2/01/2016;9:50 p m;Saturday;run over pedestrian;Cra 62 CL 58;DEAD
257113;-75.57120272;6.284602032;2/01/2016;10:15 a m;Saturday;Collision;CR 64 C CL 92 F;INJURED
257111;-75.59427995;6.22227109;2/01/2016;10:30 p m;Saturday;Collision;CR 72 CL 17;INJURED
257127;-75.54764578;6.276051492;2/01/2016;10:30 p m;Saturday;Collision;CR 39 CL 85;INJURED
257175;-75.6055341;6.225737455;2/01/2016;10:30 p m;Saturday;Collision;CL 20 A CR 82 D;MATERIAL DAMAGES
257116;-75.60203906;6.250379777;2/01/2016;10:35 a m;Saturday;Collision;CR 81 CL 44;INJURED
257147;-75.61396529;6.22259192;2/01/2016;11:00 a m;Saturday;Occupant fall;CR 90 CL 18;INJURED
257149;-75.56862849;6.236301261;2/01/2016;11:00 a m;Saturday;Occupant fall;CR 42 CL 37;INJURED
257155;-75.55989202;6.266729668;2/01/2016;11:00 a m;Saturday;Collision;CR 50 CL 72;MATERIAL DAMAGES
257121;-75.55593783;6.255547547;2/01/2016;11:10 p m;Saturday;Collision;CL 63 CR 41;INJURED
257164;-75.57214268;6.282164709;2/01/2016;11:20 a m;Saturday;Collision;CL 88 C CR 64;MATERIAL DAMAGES
257136;-75.57398445;6.261268084;2/01/2016;11:30 a m;Saturday;Other;CL 58 CR 63;INJURED
257140;-75.56798537;6.23954824;2/01/2016;11:50 a m;Saturday;Dumping;CR 44 CL 40;INJURED
257145;-75.54846223;6.227722244;2/01/2016;11:50 p m;Saturday;Collision;CR 21 CL 35;INJURED
257169;-75.58825382;6.240906515;2/01/2016;12:20 p m;Saturday;Collision;CR 66 B CL 34 A;MATERIAL DAMAGES
257172;-75.60270679;6.217512825;2/01/2016;12:30 p m;Saturday;Collision;CL 5 CR 80 C;MATERIAL DAMAGES
257176;-75.57684016;6.232469516;2/01/2016;12:55 p m;Saturday;Dumping;Cra 52 CL 30A;DEAD
257202;-75.5781083;6.254983965;3/01/2016;1:00 p m;Sunday;run over pedestrian;CL 50 CR 64;INJURED
257240;-75.58587303;6.25905292;3/01/2016;1:20 a m;Sunday;Collision;CL 51 CR 70;MATERIAL DAMAGES
257228;-75.5729308;6.240939698;3/01/2016;1:20 p m;Sunday;Collision;CR 52 CL 40;MATERIAL DAMAGES
257232;-75.58143472;6.250106899;3/01/2016;1:20 p m;Sunday;Collision;CR 63 CL 45 A;MATERIAL DAMAGES
257195;-75.56396904;6.296093593;3/01/2016;1:25 p m;Sunday;Collision;CR 63 D CL 103 D;INJURED
257182;-75.55796402;6.273479714;3/01/2016;1:30 p m;Sunday;Collision;CR 49 CL 80;INJURED
257179;-75.56753873;6.240152418;3/01/2016;2:00 p m;Sunday;Collision;CL 41 CR 44;INJURED
257233;-75.62072121;6.257663214;3/01/2016;2:27 a m;Sunday;Collision;CL 45 A CR 107;MATERIAL DAMAGES
257187;-75.56983819;6.22974275;3/01/2016;2:50 p m;Sunday;Collision;CR 43 A CL 30;INJURED
257224;-75.5663674;6.256013929;3/01/2016;3:00 p m;Sunday;Occupant fall;CR 51 CL 57;INJURED
257243;-75.57452223;6.297957018;3/01/2016;3:45 p m;Sunday;Collision;CL 101 CR 73 A;MATERIAL DAMAGES
257212;-75.57280476;6.276370391;3/01/2016;3:50 p m;Sunday;Dumping;CL 78 CR 64 C;INJURED
257242;-75.57675704;6.268025058;3/01/2016;3:50 p m;Sunday;Dumping;CR 65 CL 67;MATERIAL DAMAGES
257239;-75.62350126;6.255700768;3/01/2016;4:50 p m;Sunday;Collision;CL 43 CR 115 A;MATERIAL DAMAGES
257210;-75.57052546;6.293507266;3/01/2016;5:00 p m;Sunday;Dumping;CL 98 CR 67;INJURED
257244;-75.63073095;6.271122056;3/01/2016;5:00 p m;Sunday;Collision;CR 125 CL 55 B;MATERIAL DAMAGES
257218;-75.59310361;6.268816925;3/01/2016;5:10 p m;Sunday;Collision;CL 55 CR 77;INJURED
257191;-75.54368774;6.237247928;3/01/2016;5:30 p m;Sunday;run over pedestrian;CL 52 CR 18;INJURED
257246;-75.56475728;6.209136737;3/01/2016;5:30 p m;Sunday;Collision;CL 10 A CR 34;MATERIAL DAMAGES
257213;-75.54492187;6.269032284;3/01/2016;5:40 p m;Sunday;run over pedestrian;CR 32 CL 77;INJURED
257235;-75.61558424;6.277827418;3/01/2016;5:45 a m;Sunday;Collision;CL 63 CR 104;MATERIAL DAMAGES
257190;-75.56555919;6.272614857;3/01/2016;6.:00 p m;Sunday;Collision;CR 53 CL 77;INJURED
257203;-75.55588412;6.268718247;3/01/2016;6.:00 p m;Sunday;Other;CR 46 CL 73;INJURED
257200;-75.56750777;6.264407911;3/01/2016;6.:10 p m;Sunday;run over pedestrian;CL 67 CR 53;INJURED
257209;-75.5700124;6.251340615;3/01/2016;6.:40 p m;Sunday;Occupant fall;CR 53 CL 51;INJURED
257220;-75.57925831;6.285233442;3/01/2016;6.:40 p m;Sunday;Other;CR 72 CL 89;INJURED
257221;-75.57586259;6.237192098;3/01/2016;6.:45 a m;Sunday;Occupant fall;CR 54 CL 35;INJURED
257193;-75.57919467;6.207399779;3/01/2016;7:00 p m;Sunday;Other;CR 50 CL 2;INJURED
257183;-75.57053338;6.274043403;3/01/2016;7:30 p m;Sunday;Collision;CR 64 C CL 77;INJURED
257192;-75.59158684;6.234470807;3/01/2016;7:30 p m;Sunday;run over pedestrian;CR 70 CL 32;INJURED
257204;-75.59768773;6.273182122;3/01/2016;7:30 p m;Sunday;Dumping;CL 58 D CR 85;INJURED
257215;-75.57851744;6.240020348;3/01/2016;7:30 p m;Sunday;Other;CR 63 CL 32 E;INJURED
257207;-75.56888221;6.277216623;3/01/2016;7:45 a m;Sunday;Collision;CR 62 CL 80 C;INJURED
257185;-75.60689079;6.228733722;3/01/2016;7:45 p m;Sunday;Collision;CR 84 CL 27;INJURED
257199;-75.65469593;6.18174641;3/01/2016;8:13 p m;Sunday;run over pedestrian;CR 76 CL 45 Sur;INJURED
257225;-75.5562476;6.212551705;3/01/2016;8:30 a m;Sunday;Other;CR 25 CL 10 E;INJURED
257217;-75.58046807;6.248048051;3/01/2016;8:30 p m;Sunday;Other;CR 63 CL 44 A;INJURED
257189;-75.54556016;6.232305936;3/01/2016;9:10 p m;Sunday;Collision;CL 45 CR 15 C;INJURED
257178;-75.56613359;6.22060367;3/01/2016;9:20 a m;Sunday;Collision;CR 38 CL 19;INJURED
257216;-75.5886282;6.20874891;3/01/2016;9:20 p m;Sunday;Collision;CR 65 CL 1 Sur;INJURED
257186;-75.63811253;6.277119074;3/01/2016;9:30 p m;Sunday;Other;CL 62 B CR 133;INJURED
257201;-75.59025415;6.276022144;3/01/2016;9:30 p m;Sunday;run over pedestrian;CR 80 CL 75;INJURED
257229;-75.59741451;6.260027621;3/01/2016;9:30 p m;Sunday;Collision;CR 80 CL 48 B;MATERIAL DAMAGES
257241;-75.567612;6.294318129;3/01/2016;9:30 p m;Sunday;Collision;CR 64 C CL 101;MATERIAL DAMAGES
257247;-75.57503658;6.250174593;3/01/2016;9:30 p m;Sunday;Collision;CR 57 CL 48;MATERIAL DAMAGES
257188;-75.59421324;6.278251771;3/01/2016;10:00 a m;Sunday;Occupant fall;CL 68 CR 85;INJURED
257231;-75.58978155;6.197699502;3/01/2016;10:00 a m;Sunday;Collision;CR 52 CL 12 Sur;MATERIAL DAMAGES
257230;-75.5919252;6.197933997;3/01/2016;10:00 p m;Sunday;Collision;CR 53 CL 12 Sur;MATERIAL DAMAGES
257181;-75.55807233;6.24000493;3/01/2016;10:15 p m;Sunday;Occupant fall;CL 45 CR 35;INJURED
257238;-75.57747974;6.249989482;3/01/2016;10:30 a m;Sunday;Collision;CR 60 CL 46;MATERIAL DAMAGES
257184;-75.59509986;6.211037264;3/01/2016;11:10 a m;Sunday;Collision;Dg 75 B CL 1;INJURED
257205;-75.55424417;6.2719491;3/01/2016;11:30 p m;Sunday;Dumping;CR 45 CL 79;INJURED
257237;-75.59594015;6.244420059;3/01/2016;11:35 a m;Sunday;Collision;Cq 74 Tv 39 B;MATERIAL DAMAGES
257219;-75.56387604;6.307884808;3/01/2016;11:45 a m;Sunday;Collision;CR 64 AA CL 113;INJURED
257236;-75.57428569;6.212229489;3/01/2016;11:50 a m;Sunday;Collision;CR 43 F CL 10;MATERIAL DAMAGES
257245;-75.55109272;6.235714005;3/01/2016;12:00 p m;Sunday;Collision;CL 45 CR 24;MATERIAL DAMAGES
257223;-75.56235439;6.272499676;3/01/2016;12:10 p m;Sunday;Dumping;CR 51 CL 78;INJURED
257234;-75.60602277;6.22601731;3/01/2016;12:12 p m;Sunday;Collision;CR 83 CL 20 AB;MATERIAL DAMAGES
257196;-75.60805082;6.252683102;3/01/2016;12:30 p m;Sunday;Dumping;CL 44 CR 90 A;INJURED
257226;-75.54617036;6.243910759;3/01/2016;12:30 p m;Sunday;Dumping;CL 56 B CR 26;INJURED
257330;-75.58922107;6.245871498;4/01/2016;1:00 p m;Monday;Collision;Cq 3 CL 69;MATERIAL DAMAGES
257255;-75.54652197;6.251991054;4/01/2016;1:30 p m;Monday;run over pedestrian;CL 59 AA CR 24;INJURED
257337;-75.60080669;6.250508869;4/01/2016;1:30 p m;Monday;Collision;CL 44 CR 79 B;MATERIAL DAMAGES
257331;-75.54692711;6.269409795;4/01/2016;1:55 p m;Monday;Collision;CR 36 A CL 75 C;MATERIAL DAMAGES
257278;-75.59701485;6.263385728;4/01/2016;2:00 p m;Monday;Collision;CL 50 CR 80;INJURED
257320;-75.61296781;6.233059883;4/01/2016;2:00 p m;Monday;Collision;CR 89 CL 31;MATERIAL DAMAGES
257300;-75.56967023;6.247363082;4/01/2016;2:10 p m;Monday;run over pedestrian;CL 46 CR 51;INJURED
257286;-75.55779646;6.244499397;4/01/2016;2:15 p m;Monday;Occupant fall;CR 37 CL 50;INJURED
257293;-75.62485353;6.277746348;4/01/2016;2:15 p m;Monday;Other;CL 63 CR 118 A;INJURED
257316;-75.5632484;6.264125943;4/01/2016;2:20 p m;Monday;Collision;CL 67 CR 51;MATERIAL DAMAGES
257251;-75.57418399;6.233620059;4/01/2016;2:30 p m;Monday;Collision;CR 50 CL 32;INJURED
257342;-75.57097344;6.193154957;4/01/2016;2:30 p m;Monday;Collision;CL 9 sur CR 37;MATERIAL DAMAGES
257277;-75.58031131;6.194811705;4/01/2016;2:50 p m;Monday;Occupant fall;CR 49 CL 12 Sur;INJURED
257276;-75.56852292;6.241107266;4/01/2016;3:00 p m;Monday;run over pedestrian;CR 45 CL 41 A;INJURED
257333;-75.57136297;6.23871278;4/01/2016;3:05 p m;Monday;Collision;CL 38 CR 48;MATERIAL DAMAGES
257308;-75.54692608;6.296754056;4/01/2016;3:20 p m;Monday;Other;CL 38 CR 42 B;INJURED
257299;-75.59901864;6.269124132;4/01/2016;3:30 p m;Monday;run over pedestrian;CL 54 CR 83;INJURED
257323;-75.58098725;6.256095773;4/01/2016;3:30 p m;Monday;Collision;CR 65 CL 50;MATERIAL DAMAGES
257280;-75.55962899;6.251577384;4/01/2016;3:40 p m;Monday;Collision;CL 57 CR 42;INJURED
257343;-75.60023277;6.23888684;4/01/2016;3:47 p m;Monday;Collision;CL 33 CR 80;MATERIAL DAMAGES
257335;-75.59636581;6.263425907;4/01/2016;4:00 p m;Monday;Collision;CR 80 CL 50;MATERIAL DAMAGES
257345;-75.5621757;6.284879787;4/01/2016;4:30 p m;Monday;Collision;CL 93 CR 51 B;MATERIAL DAMAGES
257259;-75.57517014;6.247001204;4/01/2016;4:34 p m;Monday;Collision;CR 57 CL 44 A;INJURED
257315;-75.56213611;6.254728188;4/01/2016;4:50 p m;Monday;Collision;CL 58 CR 47;MATERIAL DAMAGES
257348;-75.57134253;6.229010818;4/01/2016;4:50 p m;Monday;Collision;CR 44 CL 29;MATERIAL DAMAGES
257250;-75.57336411;6.276299324;4/01/2016;5:00 p m;Monday;Other;CR 65 CL 80;INJURED
257304;-75.5527663;6.282267501;4/01/2016;5:00 p m;Monday;run over pedestrian;CR 45 A CL 90;INJURED
257312;-75.57001392;6.240126544;4/01/2016;5:20 a m;Monday;Collision;CR 46 CL 40;MATERIAL DAMAGES
257310;-75.58310603;6.251182569;4/01/2016;5:23 p m;Monday;Collision;CR 65 CL 45 A;MATERIAL DAMAGES
257256;-75.58711398;6.224085502;4/01/2016;5:30 p m;Monday;Collision;CL 24 CR 65 GG;INJURED
257252;-75.54533228;6.282105091;4/01/2016;5:45 a m;Monday;Collision;CR 36 CL 91;INJURED
257257;-75.59937609;6.224152285;4/01/2016;6.:00 p m;Monday;Occupant fall;CR 80 CL 18;INJURED
257258;-75.56382219;6.309321791;4/01/2016;6.:00 p m;Monday;Other;CR 65 CL 114;INJURED
257291;-75.57395412;6.252194615;4/01/2016;6.:00 p m;Monday;Collision;CL 50 CR 56 B;INJURED
257302;-75.57202228;6.291113241;4/01/2016;6.:00 p m;Monday;Other;CR 68 CL 96;INJURED
257305;-75.56103746;6.311787386;4/01/2016;6.:00 p m;Monday;Other;CR 64 C CL 120;INJURED
257264;-75.56213611;6.254728188;4/01/2016;6.:10 p m;Monday;Collision;CL 58 CR 47;INJURED
257346;-75.56828628;6.292198767;4/01/2016;6.:20 p m;Monday;Collision;CR 64 C CL 97 A;MATERIAL DAMAGES
257271;-75.57165656;6.265137892;4/01/2016;6.:30 a m;Monday;Occupant fall;CL 67 CR 63;INJURED
257339;-75.57797536;6.231699421;4/01/2016;6.:30 a m;Monday;Collision;CL 30 CR 53;MATERIAL DAMAGES
257262;-75.58723079;6.270899317;4/01/2016;6.:30 p m;Monday;Other;CL 73 CR 75;INJURED
257311;-75.575123;6.248352936;4/01/2016;6.:30 p m;Monday;Collision;CR 57 CL 45 A;MATERIAL DAMAGES
257347;-75.60029639;6.225671023;4/01/2016;6.:30 p m;Monday;Collision;CR 80 CL 20 A;MATERIAL DAMAGES
257268;-75.59845454;6.255341699;4/01/2016;6.:45 a m;Monday;Collision;CR 80 CL 45 GG;INJURED
257269;-75.57558148;6.283108295;4/01/2016;6.:45 a m;Monday;Occupant fall;CL 91 CR 71 A;INJURED
257249;-75.5962227;6.255861211;4/01/2016;6.:50 a m;Monday;Occupant fall;CR 78 CL 46;INJURED
257326;-75.57519873;6.249125081;4/01/2016;6.:50 p m;Monday;Collision;CR 57 CL 46;MATERIAL DAMAGES
257306;-75.59866717;6.217975519;4/01/2016;7:00 p m;Monday;Other;Dg 75 B CL 8;INJURED
257349;-75.60029639;6.225671023;4/01/2016;7:00 p m;Monday;Collision;CR 80 CL 20 A;MATERIAL DAMAGES
257313;-75.58419291;6.284468822;4/01/2016;7:10 p m;Monday;Collision;CL 80 CR 80;MATERIAL DAMAGES
257298;-75.56705338;6.255278032;4/01/2016;7:20 a m;Monday;Other;CR 51 D CL 56;INJURED
257254;-75.57519873;6.249125081;4/01/2016;7:20 p m;Monday;Collision;CR 57 CL 46;INJURED
257279;-75.56620832;6.301542013;4/01/2016;7:30 a m;Monday;Occupant fall;CL 104 CR 65;INJURED
257341;-75.5738452;6.270420026;4/01/2016;7:30 a m;Monday;Collision;CR 64 C CL 72;MATERIAL DAMAGES
257253;-75.59885697;6.219451997;4/01/2016;7:30 p m;Monday;Other;CR 76 CL 9;INJURED
257274;-75.56395248;6.306049683;4/01/2016;7:30 p m;Monday;Dumping;CR 65 CL 111;INJURED
257289;-75.64055888;6.233051856;4/01/2016;7:30 p m;Monday;Other;CL 31 CR 110;INJURED
257324;-75.57570105;6.236441923;4/01/2016;7:33 p m;Monday;Collision;CR 55 CL 33;MATERIAL DAMAGES
257318;-75.58168861;6.19668521;4/01/2016;7:40 p m;Monday;Collision;CR 50 CL 11 Sur;MATERIAL DAMAGES
257287;-75.59244943;6.246743293;4/01/2016;7:50 a m;Monday;Collision;CR 73 CL 40;INJURED
257282;-75.56942268;6.288414598;4/01/2016;8:00 p m;Monday;Occupant fall;CR 64 C CL 95;INJURED
257303;-75.55907798;6.284683312;4/01/2016;8:10 p m;Monday;run over pedestrian;CR 50 B CL 93;INJURED
257272;-75.54143159;6.289124678;4/01/2016;8:30 a m;Monday;Occupant fall;CR 30 CL 100 B;INJURED
257290;-75.57976285;6.247806872;4/01/2016;8:30 a m;Monday;Occupant fall;CR 62 CL 44;INJURED
257296;-75.55195879;6.240413807;4/01/2016;8:30 a m;Monday;Other;CR 29 CL 49;INJURED
257285;-75.58658759;6.29006686;4/01/2016;8:40 a m;Monday;Collision;CR 88 CL 92;INJURED
257322;-75.5632484;6.264125943;4/01/2016;9:00 a m;Monday;Collision;CL 67 CR 51;MATERIAL DAMAGES
257309;-75.61595294;6.277673062;4/01/2016;9:10 p m;Monday;Collision;CL 63 CR 105 A;MATERIAL DAMAGES
257344;-75.56639588;6.264320766;4/01/2016;9:10 p m;Monday;Collision;CL 67 CR 52;MATERIAL DAMAGES
257288;-75.59302128;6.273389147;4/01/2016;9:15 a m;Monday;Other;CR 80 CL 65;INJURED
257261;-75.57177279;6.219828587;4/01/2016;9:20 a m;Monday;Collision;CR 43 F CL 18;INJURED
257329;-75.57008451;6.243704038;4/01/2016;9:20 a m;Monday;Collision;CR 50 CL 43;MATERIAL DAMAGES
257328;-75.59346128;6.238581682;4/01/2016;9:27 a m;Monday;Collision;CL 32 F CR 74 E;MATERIAL DAMAGES
257270;-75.65469223;6.181754819;4/01/2016;9:30 p m;Monday;Collision;CR 75 CL 45 Sur;INJURED
257283;-75.60305523;6.211295306;4/01/2016;9:30 p m;Monday;Dumping;CR 80 CL 1;INJURED
257248;-75.57816828;6.251055879;4/01/2016;10:00 a m;Monday;Collision;CR 62 CL 48;INJURED
257266;-75.56631549;6.30603811;4/01/2016;10:00 a m;Monday;Occupant fall;CR 67 CL 110;INJURED
257273;-75.56874005;6.209975679;4/01/2016;10:00 a m;Monday;Other;CR 41 CL 10;INJURED
257338;-75.58022579;6.186351815;4/01/2016;10:10 a m;Monday;Collision;CR 43 A CL 18 C Sur;MATERIAL DAMAGES
257260;-75.58700262;6.280648299;4/01/2016;10:10 p m;Monday;Collision;CR 80 CL 77 BB;INJURED
257327;-75.60124254;6.278256215;4/01/2016;10:45 a m;Monday;Collision;CL 64 CR 91;MATERIAL DAMAGES
257297;-75.57248293;6.238170337;4/01/2016;11:00 a m;Monday;Occupant fall;CL 37 CR 50;INJURED
257332;-75.57026177;6.253487001;4/01/2016;11:20 a m;Monday;Collision;CL 53 CR 54;MATERIAL DAMAGES
257301;-75.58515942;6.203236265;4/01/2016;12:00 p m;Monday;Dumping;CR 51 CL 6 Sur;INJURED
257314;-75.57349013;6.231516625;4/01/2016;12:05 p m;Monday;Collision;CL 30 CR 46;MATERIAL DAMAGES
257294;-75.62187849;6.244840085;4/01/2016;12:10 a m;Monday;Occupant fall;CR 106 CL 34;INJURED
257317;-75.57098;6.23755253;4/01/2016;12:18 p m;Monday;Collision;CL 37 CR 45;MATERIAL DAMAGES
257265;-75.57381799;6.258734585;4/01/2016;12:20 p m;Monday;Collision;CR 57 CL 57;INJURED
257284;-75.5842694;6.254202226;4/01/2016;12:30 a m;Monday;Dumping;CL 48 B CR 67;INJURED
257292;-75.61396529;6.22259192;4/01/2016;12:30 p m;Monday;Occupant fall;CL 18 CR 91;INJURED
257319;-75.58273877;6.229519082;4/01/2016;12:30 p m;Monday;Collision;CR 65 CL 29;MATERIAL DAMAGES
257321;-75.57317875;6.238461249;4/01/2016;12:30 p m;Monday;Collision;CL 37 CR 51;MATERIAL DAMAGES
257371;-75.57418399;6.233620059;5/01/2016;1:00 p m;Tuesday;Collision;CR 50 CL 32;INJURED
257405;-75.57305796;6.238395074;5/01/2016;1:00 p m;Tuesday;Collision;CR 51 CL 37;INJURED
257382;-75.5613795;6.250023341;5/01/2016;1:20 p m;Tuesday;run over pedestrian;CR 43 CL 54;INJURED
257393;-75.59757192;6.250186154;5/01/2016;1:50 p m;Tuesday;Other;CL 44 CR 79 A;INJURED
257435;-75.57300991;6.274009288;5/01/2016;1:50 p m;Tuesday;Collision;CR 64 C CL 75 A;MATERIAL DAMAGES
257407;-75.62163415;6.279423983;5/01/2016;2:00 a m;Tuesday;Dumping;CL 64 B CR 115;INJURED
257366;-75.56549706;6.296356852;5/01/2016;2:00 p m;Tuesday;Collision;CR 63 CL 103;INJURED
257424;-75.59459164;6.249912766;5/01/2016;2:00 p m;Tuesday;Collision;CR 75 CL 44;MATERIAL DAMAGES
257416;-75.57418399;6.233620059;5/01/2016;2:10 p m;Tuesday;Collision;CR 50 CL 32;MATERIAL DAMAGES
257355;-75.57097344;6.193154957;5/01/2016;2:20 p m;Tuesday;Collision;CL 9 sur CR 37;INJURED
257373;-75.57322566;6.263057296;5/01/2016;2:20 p m;Tuesday;Collision;CR 62 CL 62;INJURED
257395;-75.58554291;6.282158931;5/01/2016;2:30 p m;Tuesday;Occupant fall;CR 80 CL 79;INJURED
257358;-75.55455952;6.2701091;5/01/2016;3:00 p m;Tuesday;Collision;CR 45 CL 77;INJURED
257425;-75.60102961;6.233980432;5/01/2016;3:00 p m;Tuesday;Collision;CR 80 C CL 32;MATERIAL DAMAGES
257436;-75.57489447;6.22630296;5/01/2016;3:10 p m;Tuesday;Collision;CR 48 CL 23 A;MATERIAL DAMAGES
257433;-75.59538233;6.229585583;5/01/2016;3:21 p m;Tuesday;Collision;CR 75 CL 28;MATERIAL DAMAGES
257399;-75.58070696;6.296623038;5/01/2016;3:30 p m;Tuesday;run over pedestrian;CL 97 C CR 80;INJURED
257389;-75.59708711;6.276391255;5/01/2016;3:40 p m;Tuesday;Other;CL 65 CR 87;INJURED
257423;-75.57619464;6.213677283;5/01/2016;3:45 p m;Tuesday;Collision;CR 48 CL 10;MATERIAL DAMAGES
257412;-75.59945688;6.22454988;5/01/2016;3:50 p m;Tuesday;Collision;CR 80 CL 19 A;MATERIAL DAMAGES
257386;-75.55358445;6.284424846;5/01/2016;4:00 p m;Tuesday;run over pedestrian;CR 46 CL 93;INJURED
257408;-75.56936628;6.264785248;5/01/2016;5:00 a m;Tuesday;Other;CL 67 CR 55;INJURED
257434;-75.59841351;6.239475855;5/01/2016;5:03 p m;Tuesday;Collision;CR 78 CL 33 A;MATERIAL DAMAGES
257396;-75.56549706;6.296356852;5/01/2016;5:10 a m;Tuesday;Collision;CR 63 CL 103 F;INJURED
257376;-75.57023605;6.211263843;5/01/2016;5:10 p m;Tuesday;Collision;CL 10 A CR 43 C;INJURED
257359;-75.63081384;6.286514171;5/01/2016;5:20 p m;Tuesday;Other;CL 67 CR 125;INJURED
257388;-75.57201921;6.25156579;5/01/2016;5:20 p m;Tuesday;run over pedestrian;CL 50 CR 55;INJURED
257411;-75.5827645;6.231829102;5/01/2016;5:20 p m;Tuesday;Collision;CL 30 CR 65;MATERIAL DAMAGES
257402;-75.5419352;6.293315229;5/01/2016;5:30 p m;Tuesday;run over pedestrian;CR 32 CL 106;INJURED
257367;-75.57489447;6.22630296;5/01/2016;5:40 p m;Tuesday;Collision;CR 48 CL 24;INJURED
257414;-75.55872068;6.235710081;5/01/2016;5:40 p m;Tuesday;Collision;CR 33 AA CL 38 B;MATERIAL DAMAGES
257415;-75.57086545;6.230028328;5/01/2016;5:40 p m;Tuesday;Collision;CL 30 CR 44;MATERIAL DAMAGES
257417;-75.58672058;6.207033563;5/01/2016;5:40 p m;Tuesday;Collision;CL 2 sur CR 53;MATERIAL DAMAGES
257360;-75.60593822;6.231899137;5/01/2016;5:50 a m;Tuesday;Collision;CL 30 A CR 83;INJURED
257387;-75.57716197;6.217300411;5/01/2016;5:50 a m;Tuesday;Collision;CR 50 CL 16;INJURED
257427;-75.57881678;6.241400729;5/01/2016;5:55 a m;Tuesday;Collision;CR 63 CL 35;MATERIAL DAMAGES
257391;-75.56075486;6.251459054;5/01/2016;6.:00 p m;Tuesday;run over pedestrian;CL 56 CR 43;INJURED
257404;-75.57023605;6.211263843;5/01/2016;6.:00 p m;Tuesday;Other;CL 10 A CR 43 A;INJURED
257421;-75.58753396;6.270038199;5/01/2016;6.:00 p m;Tuesday;Collision;CL 65 CR 76;MATERIAL DAMAGES
257364;-75.57076046;6.24473808;5/01/2016;6.:15 a m;Tuesday;Collision;CL 44 CR 51;INJURED
257379;-75.57133886;6.290881994;5/01/2016;6.:30 p m;Tuesday;Occupant fall;CR 67 CL 96;INJURED
257420;-75.57140848;6.229025824;5/01/2016;6.:40 p m;Tuesday;Collision;CL 29 CR 44;MATERIAL DAMAGES
257428;-75.57578026;6.21793219;5/01/2016;6.:40 p m;Tuesday;Collision;CL 16 A CR 48;MATERIAL DAMAGES
257375;-75.57619137;6.246599606;5/01/2016;6.:45 p m;Tuesday;run over pedestrian;CL 44 CR 57;INJURED
257353;-75.60066545;6.231279435;5/01/2016;6.:50 p m;Tuesday;Collision;CL 30 CR 80;INJURED
257397;-75.54829706;6.268665809;5/01/2016;6.:50 p m;Tuesday;Collision;CR 36 A CL 75;INJURED
257351;-75.56307131;6.242594072;5/01/2016;7:00 a m;Tuesday;Collision;CR 41 CL 46;INJURED
257368;-75.57744151;6.230372564;5/01/2016;7:00 a m;Tuesday;Other;CR 52 CL 30;INJURED
257390;-75.54688698;6.248770579;5/01/2016;7:10 p m;Tuesday;Other;CL 57 CC CR 24 BB;INJURED
257383;-75.58046807;6.248048051;5/01/2016;7:15 a m;Tuesday;Occupant fall;CR 63 CL 44;INJURED
257410;-75.59607997;6.225623917;5/01/2016;7:20 p m;Tuesday;Collision;CR 75 CL 22;MATERIAL DAMAGES
257352;-75.59165445;6.235155529;5/01/2016;7:23 a m;Tuesday;Collision;CR 70 CL 32 A;INJURED
257374;-75.5719104;6.282772684;5/01/2016;7:33 p m;Tuesday;Collision;CR 65 CL 91 C;INJURED
257362;-75.58734389;6.232419993;5/01/2016;7:40 a m;Tuesday;Other;CR 66 B CL 30 A;INJURED
257429;-75.57678116;6.220071957;5/01/2016;7:40 a m;Tuesday;Collision;CR 49 CL 18;MATERIAL DAMAGES
257365;-75.58825382;6.240906515;5/01/2016;7:45 a m;Tuesday;Other;CR 66 B CL 34 A;INJURED
257369;-75.56600178;6.218321855;5/01/2016;7:50 a m;Tuesday;Collision;CR 38 CL 18;INJURED
257422;-75.57297259;6.256310125;5/01/2016;7:55 a m;Tuesday;Collision;CR 57 CL 55;MATERIAL DAMAGES
257409;-75.57337461;6.283153719;5/01/2016;8:00 a m;Tuesday;Other;CR 67 CL 91;INJURED
257441;-75.56520664;6.248348786;5/01/2016;8:10 a m;Tuesday;Collision;CR 46 CL 50;MATERIAL DAMAGES
257438;-75.56095853;6.25802081;5/01/2016;8:20 a m;Tuesday;Collision;CR 48 CL 62;MATERIAL DAMAGES
257394;-75.57542747;6.253338841;5/01/2016;8:25 a m;Tuesday;Other;CR 57 CL 50;INJURED
257432;-75.57053338;6.274043403;5/01/2016;8:30 a m;Tuesday;Collision;CR 64 CL 78;MATERIAL DAMAGES
257378;-75.53930938;6.286694229;5/01/2016;8:30 p m;Tuesday;run over pedestrian;CL 97 CR 24 C;INJURED
257431;-75.58463223;6.244501697;5/01/2016;8:30 p m;Tuesday;Collision;CR 66 B CL 39;MATERIAL DAMAGES
257430;-75.59075152;6.28885769;5/01/2016;8:40 a m;Tuesday;Collision;CR 91 CL 80;MATERIAL DAMAGES
257406;-75.58744419;6.283548012;5/01/2016;8:40 p m;Tuesday;Occupant fall;CR 85 A CL 78 A;INJURED
257440;-75.55520055;6.302994639;5/01/2016;8:40 p m;Tuesday;Collision;CL 112 CR 51 A;MATERIAL DAMAGES
257372;-75.57619237;6.213371535;5/01/2016;8:45 a m;Tuesday;Collision;CL 10 CR 48;INJURED
257418;-75.58464757;6.28735814;5/01/2016;9:00 a m;Tuesday;Collision;CR 83 CL 82 A;MATERIAL DAMAGES
257377;-75.56783831;6.274872255;5/01/2016;9:15 p m;Tuesday;Collision;CL 77 CR 55;INJURED
257403;-75.59482977;6.293940299;5/01/2016;9:30 a m;Tuesday;Other;CL 80 CR 96;INJURED
257381;-75.5515845;6.237171704;5/01/2016;9:50 a m;Tuesday;Collision;CR 27 CL 46;INJURED
257361;-75.59262081;6.219154116;5/01/2016;10:00 a m;Tuesday;Occupant fall;CR 70 CL 12;INJURED
257400;-75.58554291;6.282158931;5/01/2016;10:00 a m;Tuesday;Occupant fall;CR 80 CL 79;INJURED
257354;-75.56633728;6.244872181;5/01/2016;10:20 p m;Tuesday;Other;CR 45 CL 46;INJURED
257439;-75.55635375;6.29037154;5/01/2016;10:20 p m;Tuesday;Collision;CR 49 CL 98 A;MATERIAL DAMAGES
257357;-75.59029479;6.245849389;5/01/2016;10:30 a m;Tuesday;Other;Cq 3 CR 70;INJURED
257385;-75.56578811;6.257687592;5/01/2016;10:30 a m;Tuesday;Other;CR 51 CL 59;INJURED
257398;-75.5549998;6.307450864;5/01/2016;10:45 a m;Tuesday;run over pedestrian;CR 51 D CL 125;INJURED
257363;-75.56213611;6.254728188;5/01/2016;10:50 a m;Tuesday;Occupant fall;CL 58 CR 47;INJURED
257350;-75.59001774;6.19711412;5/01/2016;11:00 a m;Tuesday;Collision;CR 52 CL 12 A Sur;INJURED
257419;-75.57157992;6.26972539;5/01/2016;11:00 a m;Tuesday;Collision;CL 72 CR 64;MATERIAL DAMAGES
257426;-75.56654827;6.257902211;5/01/2016;11:30 a m;Tuesday;Collision;CL 59 CR 51 D;MATERIAL DAMAGES
257413;-75.57619137;6.246599606;5/01/2016;11:40 a m;Tuesday;Collision;CL 44 CR 57;MATERIAL DAMAGES
257370;-75.59775237;6.276862313;5/01/2016;12:00 a m;Tuesday;Dumping;CL 65 CR 88;INJURED
257401;-75.65252342;6.175036305;5/01/2016;12:20 p m;Tuesday;run over pedestrian;CR 75 CL 52 Sur;INJURED
257384;-75.58046807;6.248048051;5/01/2016;12:45 p m;Tuesday;Occupant fall;CR 63 CL 44;INJURED
257452;-75.59790455;6.211017388;6/01/2016;1:00 p m;Wednesday;Other;CL 1 Dg 75 D;INJURED
257487;-75.61346573;6.259036275;6/01/2016;1:20 p m;Wednesday;Other;CR 99 CL 48;INJURED
257444;-75.58711973;6.261917523;6/01/2016;1:30 p m;Wednesday;Collision;CL 53 CR 72;INJURED
257496;-75.60305523;6.211295306;6/01/2016;1:30 p m;Wednesday;Occupant fall;CR 80 CL 2 A;INJURED
257501;-75.57180096;6.28084589;6/01/2016;1:30 p m;Wednesday;Collision;CR 64 C CL 88;MATERIAL DAMAGES
257524;-75.56473758;6.249234481;6/01/2016;1:40 p m;Wednesday;Collision;CL 51 CR 46;MATERIAL DAMAGES
257465;-75.58522256;6.203259226;6/01/2016;1:50 p m;Wednesday;run over pedestrian;CL 6 sur CR 51;INJURED
257488;-75.57593313;6.283542592;6/01/2016;2:00 p m;Wednesday;Other;CL 91 A CR 70 A;INJURED
257492;-75.56381452;6.301392032;6/01/2016;2:00 p m;Wednesday;Other;CR 64 C CL 104;INJURED
257481;-75.55266031;6.255543233;6/01/2016;2:20 p m;Wednesday;Collision;CL 64 B CR 39;INJURED
257491;-75.60325446;6.256533629;6/01/2016;2:20 p m;Wednesday;Occupant fall;CR 87 CL 47;INJURED
257525;-75.58550612;6.216869915;6/01/2016;2:20 p m;Wednesday;Collision;CR 65 CL 10;MATERIAL DAMAGES
257490;-75.5489035;6.234807456;6/01/2016;2:45 p m;Wednesday;Other;CR 21 CL 45;INJURED
257461;-75.57640333;6.193509344;6/01/2016;3:00 p m;Wednesday;Collision;CR 43 A CL 12 Sur;INJURED
257504;-75.56465635;6.273809285;6/01/2016;3:00 p m;Wednesday;Collision;CR 52 CL 79;MATERIAL DAMAGES
257486;-75.61523993;6.246809504;6/01/2016;3:10 p m;Wednesday;Collision;CL 35 CR 91 B;INJURED
257454;-75.57172023;6.234871931;6/01/2016;3:20 p m;Wednesday;Collision;CR 45 A CL 34;INJURED
257529;-75.5901917;6.249444699;6/01/2016;3:28 p m;Wednesday;Collision;CL 44 CR 71;MATERIAL DAMAGES
257450;-75.59757192;6.250186154;6/01/2016;3:30 p m;Wednesday;Collision;CL 44 CR 79;INJURED
257445;-75.56859195;6.307045479;6/01/2016;3:40 p m;Wednesday;Collision;CR 70 CL 110;INJURED
257535;-75.57456068;6.222005036;6/01/2016;3:45 p m;Wednesday;Collision;CR 43 CL 19;MATERIAL DAMAGES
257466;-75.54463816;6.22964294;6/01/2016;4:00 a m;Wednesday;Other;CR 15 AA CL 36;INJURED
257460;-75.56183112;6.267070237;6/01/2016;4:00 p m;Wednesday;Collision;CR 51 CL 72;INJURED
257462;-75.57732547;6.201714364;6/01/2016;4:00 p m;Wednesday;Other;CR 48 CL 4 Sur;INJURED
257521;-75.57418399;6.233620059;6/01/2016;4:00 p m;Wednesday;Collision;CR 50 CL 32;MATERIAL DAMAGES
257515;-75.57251759;6.242281038;6/01/2016;4:10 p m;Wednesday;Collision;CL 41 CR 52;MATERIAL DAMAGES
257471;-75.57519873;6.249125081;6/01/2016;4:20 p m;Wednesday;Occupant fall;CR 57 CL 46;INJURED
257516;-75.57986638;6.23185559;6/01/2016;4:25 p m;Wednesday;Collision;CL 30 CR 55;MATERIAL DAMAGES
257474;-75.58432457;6.297269944;6/01/2016;4:30 p m;Wednesday;Occupant fall;CL 97 CR 84;INJURED
257522;-75.58251939;6.252782843;6/01/2016;4:42 p m;Wednesday;Collision;CL 47 D CR 65;MATERIAL DAMAGES
257536;-75.58092104;6.226821463;6/01/2016;4:45 p m;Wednesday;Collision;CL 25 CR 55;MATERIAL DAMAGES
257526;-75.59025415;6.276022144;6/01/2016;4:50 p m;Wednesday;Collision;CR 80 CL 75;MATERIAL DAMAGES
257477;-75.57434298;6.293244766;6/01/2016;5:00 p m;Wednesday;Collision;CR 72 CL 97;INJURED
257509;-75.5573632;6.249347253;6/01/2016;5:00 p m;Wednesday;Collision;CL 56 CR 39;MATERIAL DAMAGES
257528;-75.59670331;6.239001246;6/01/2016;5:00 p m;Wednesday;Collision;CL 33 CR 76;MATERIAL DAMAGES
257446;-75.5654692;6.269248547;6/01/2016;5:07 p m;Wednesday;Collision;CR 52 CL 73;INJURED
257497;-75.56345912;6.251338468;6/01/2016;5:10 a m;Wednesday;Collision;CR 46 CL 54;INJURED
257451;-75.65555189;6.183713199;6/01/2016;5:10 p m;Wednesday;Collision;CL 43 sur CR 78;INJURED
257506;-75.57217018;6.238901806;6/01/2016;5:10 p m;Wednesday;Collision;CL 38 CR 50;MATERIAL DAMAGES
257519;-75.5753211;6.242483407;6/01/2016;5:18 p m;Wednesday;Collision;CR 55 CL 41;MATERIAL DAMAGES
257494;-75.56228374;6.253392097;6/01/2016;5:30 p m;Wednesday;Other;CR 46 CL 57;INJURED
257532;-75.567612;6.294318129;6/01/2016;5:50 p m;Wednesday;Collision;CR 64 C CL 101;MATERIAL DAMAGES
257449;-75.56185756;6.24143797;6/01/2016;6.:00 p m;Wednesday;Occupant fall;CR 39 CL 40;INJURED
257503;-75.57469681;6.246121756;6/01/2016;6.:00 p m;Wednesday;Collision;CR 57 CL 44;MATERIAL DAMAGES
257527;-75.56680391;6.246209717;6/01/2016;6.:00 p m;Wednesday;Collision;CR 46 CL 47;MATERIAL DAMAGES
257472;-75.57305582;6.263515198;6/01/2016;6.:30 p m;Wednesday;Collision;CR 63 CL 67;INJURED
257513;-75.56984321;6.244361102;6/01/2016;6.:30 p m;Wednesday;Collision;CR 50 CL 44;MATERIAL DAMAGES
257463;-75.57889113;6.271690826;6/01/2016;6.:40 a m;Wednesday;Collision;CR 67 CL 71;INJURED
257476;-75.56613359;6.22060367;6/01/2016;6.:40 a m;Wednesday;run over pedestrian;CR 38 CL 19;INJURED
257518;-75.58753396;6.270038199;6/01/2016;6.:40 p m;Wednesday;Collision;CL 65 CR 76;MATERIAL DAMAGES
257495;-75.56676922;6.297107751;6/01/2016;6.:45 a m;Wednesday;Collision;CR 64 C CL 103;INJURED
257464;-75.6092642;6.253419258;6/01/2016;6.:50 a m;Wednesday;Collision;CL 44 CR 92;INJURED
257456;-75.57315681;6.250650064;6/01/2016;7:00 p m;Wednesday;run over pedestrian;CR 55 A CL 49;INJURED
257482;-75.55853564;6.311422398;6/01/2016;7:00 p m;Wednesday;Collision;CR 64 AA CL 120;INJURED
257500;-75.57619464;6.213677283;6/01/2016;7:00 p m;Wednesday;Collision;CR 48 CL 10;MATERIAL DAMAGES
257502;-75.58872713;6.249241899;6/01/2016;7:00 p m;Wednesday;Collision;CR 70 CL 44;MATERIAL DAMAGES
257457;-75.56185756;6.24143797;6/01/2016;7:10 p m;Wednesday;Collision;CR 39 B CL 42;INJURED
257520;-75.5761956;6.237373172;6/01/2016;7:15 p m;Wednesday;Collision;CR 62 CL 36;MATERIAL DAMAGES
257537;-75.57418399;6.233620059;6/01/2016;7:15 p m;Wednesday;Collision;CR 50 CL 32;MATERIAL DAMAGES
257475;-75.58928324;6.207172312;6/01/2016;7:30 p m;Wednesday;Other;CL 2 sur CR 65;INJURED
257480;-75.54770409;6.185924867;6/01/2016;7:30 p m;Wednesday;Other;CL 16 A sur CR 9 E;INJURED
257489;-75.55450764;6.25740344;6/01/2016;7:30 p m;Wednesday;Collision;CL 65 CR 41;INJURED
257517;-75.56347422;6.248923035;6/01/2016;7:30 p m;Wednesday;Collision;CR 45 CL 52;MATERIAL DAMAGES
257533;-75.57139442;6.224685404;6/01/2016;7:40 p m;Wednesday;Collision;CL 24 CR 43 F;MATERIAL DAMAGES
257468;-75.60028186;6.206926692;6/01/2016;7:45 a m;Wednesday;Other;CL 4 sur CR 79;INJURED
257511;-75.56993574;6.264876642;6/01/2016;7:45 a m;Wednesday;Collision;CR 62 CL 67;MATERIAL DAMAGES
257484;-75.52589867;6.233893803;6/01/2016;8:00 p m;Wednesday;Dumping;CR 8 E CL 54 B;INJURED
257508;-75.56680391;6.246209717;6/01/2016;8:30 p m;Wednesday;Collision;CR 46 CL 47;MATERIAL DAMAGES
257447;-75.60155663;6.220544719;6/01/2016;8:50 p m;Wednesday;Collision;CR 80 Tv 15;INJURED
257483;-75.56522578;6.224692405;6/01/2016;8:50 p m;Wednesday;Occupant fall;CR 38 CL 26;INJURED
257514;-75.5783196;6.300216059;6/01/2016;8:50 p m;Wednesday;Collision;CR 78 CL 101 A;MATERIAL DAMAGES
257534;-75.59937609;6.224152285;6/01/2016;8:50 p m;Wednesday;Collision;CR 80 CL 20;MATERIAL DAMAGES
257467;-75.57595884;6.225899192;6/01/2016;9:20 a m;Wednesday;Collision;CR 49 CL 29;INJURED
257442;-75.57360124;6.252405445;6/01/2016;9:20 p m;Wednesday;Collision;CL 50 CR 56 A;INJURED
257479;-75.55317456;6.185817345;6/01/2016;9:30 p m;Wednesday;Other;CL 12 sur CR 10;INJURED
257478;-75.59188342;6.278144766;6/01/2016;9:40 p m;Wednesday;Other;CL 76 CR 83;INJURED
257530;-75.60254396;6.246080997;6/01/2016;9:45 p m;Wednesday;Collision;CR 81 CL 37 D;MATERIAL DAMAGES
257473;-75.58716397;6.229058482;6/01/2016;9:50 p m;Wednesday;Collision;CR 66 B CL 27;INJURED
257443;-75.56371593;6.267448137;6/01/2016;10:00 p m;Wednesday;Collision;CR 51 C CL 71;INJURED
257453;-75.5897013;6.239491254;6/01/2016;10:00 p m;Wednesday;Collision;Dg 74 B CL 33;INJURED
257539;-75.56358872;6.268089648;6/01/2016;10:00 p m;Wednesday;Collision;CR 51 C CL 71 - 68;DEAD
257455;-75.61523993;6.246809504;6/01/2016;10:10 a m;Wednesday;Collision;CL 35 CR 91 B;INJURED
257470;-75.55742242;6.290421369;6/01/2016;10:50 p m;Wednesday;Occupant fall;CL 98 CR 49 C;INJURED
257531;-75.57053338;6.274043403;6/01/2016;10:50 p m;Wednesday;Collision;CR 64 C CL 77;MATERIAL DAMAGES
257507;-75.56991079;6.216691745;6/01/2016;11:20 a m;Wednesday;Collision;CR 43 A CL 16;MATERIAL DAMAGES
257510;-75.57362356;6.203835966;6/01/2016;12:00 p m;Wednesday;Collision;CR 43 C CL 1 Sur;MATERIAL DAMAGES
257523;-75.56035256;6.272149435;6/01/2016;12:00 p m;Wednesday;Collision;CR 50 B CL 78;MATERIAL DAMAGES
257459;-75.5969872;6.229296283;6/01/2016;12:10 p m;Wednesday;Collision;CL 28 CR 78 A;INJURED
257538;-75.57605976;6.208980309;6/01/2016;12:10 p m;Wednesday;Collision;CR 47 CL 7;MATERIAL DAMAGES
257485;-75.57258987;6.24827713;6/01/2016;12:20 a m;Wednesday;Collision;CR 54 CL 46;INJURED
257448;-75.59744525;6.219349296;6/01/2016;12:40 p m;Wednesday;Collision;CR 75 CL 10;INJURED
257619;-75.57280476;6.276370391;7/01/2016;1:00 p m;Thursday;Collision;CR 64 C CL 78;MATERIAL DAMAGES
257630;-75.58141087;6.250083213;7/01/2016;1:00 p m;Thursday;Collision;CR 63 A CL 45 A;MATERIAL DAMAGES
257617;-75.59701485;6.263385728;7/01/2016;1:30 p m;Thursday;Collision;CL 50 CR 80;MATERIAL DAMAGES
257628;-75.58501122;6.218561406;7/01/2016;1:30 p m;Thursday;Collision;CR 65 CL 14;MATERIAL DAMAGES
257632;-75.56844049;6.275435201;7/01/2016;1:30 p m;Thursday;Collision;CL 77 CR 56 B;MATERIAL DAMAGES
257610;-75.57150453;6.245047707;7/01/2016;2:00 p m;Thursday;Collision;CL 44 CR 52;MATERIAL DAMAGES
257636;-75.57515118;6.247604837;7/01/2016;2:15 p m;Thursday;Collision;CR 57 CL 45;MATERIAL DAMAGES
257541;-75.59834523;6.238391455;7/01/2016;2:20 p m;Thursday;Collision;CL 32 F CR 78;INJURED
257631;-75.58191981;6.214611914;7/01/2016;2:20 p m;Thursday;Collision;CR 52 CL 10;MATERIAL DAMAGES
257562;-75.57851744;6.240020348;7/01/2016;2:21 p m;Thursday;Collision;CR 63 CL 32;INJURED
257592;-75.59767572;6.258848004;7/01/2016;3:00 p m;Thursday;run over pedestrian;CR 80 CL 48;INJURED
257594;-75.59254898;6.256851619;7/01/2016;3:00 p m;Thursday;run over pedestrian;CR 75 CL 48;INJURED
257616;-75.57984305;6.231170866;7/01/2016;3:00 p m;Thursday;Collision;CL 29 D CR 55;MATERIAL DAMAGES
257552;-75.54876882;6.204615713;7/01/2016;3:30 p m;Thursday;Occupant fall;CL 9 A CR 15;INJURED
257564;-75.58753396;6.270038199;7/01/2016;3:30 p m;Thursday;Collision;CL 65 CR 76;INJURED
257571;-75.56146889;6.24419495;7/01/2016;3:30 p m;Thursday;Collision;CR 40 CL 48;INJURED
257573;-75.54653355;6.251415899;7/01/2016;3:30 p m;Thursday;Occupant fall;CR 24 CL 59;INJURED
257637;-75.54656162;6.252261546;7/01/2016;3:30 p m;Thursday;Occupant fall;Cra 24 CL 59 B 02;DEAD
257600;-75.58823418;6.20957613;7/01/2016;3:57 p m;Thursday;Collision;CR 65 CL 1 B;MATERIAL DAMAGES
257548;-75.57337461;6.283153719;7/01/2016;4:00 p m;Thursday;run over pedestrian;CR 67 CL 91;INJURED
257623;-75.58113284;6.24569118;7/01/2016;4:00 p m;Thursday;Collision;CL 42 C CR 63 C;MATERIAL DAMAGES
257556;-75.59302913;6.236112753;7/01/2016;4:15 p m;Thursday;Collision;Dg 74 B CL 32 D;INJURED
257602;-75.56367454;6.275306476;7/01/2016;4:20 p m;Thursday;Collision;CR 51 C CL 81;MATERIAL DAMAGES
257585;-75.60124254;6.278256215;7/01/2016;4:55 a m;Thursday;Dumping;CR 91 CL 64;INJURED
257542;-75.5577184;6.297530799;7/01/2016;5:00 p m;Thursday;Collision;CR 52 CL 105 AA;INJURED
257550;-75.59937609;6.224152285;7/01/2016;5:00 p m;Thursday;Occupant fall;CR 80 CL 20;INJURED
257605;-75.5795599;6.21404569;7/01/2016;5:00 p m;Thursday;Collision;CL 10 CR 52;MATERIAL DAMAGES
257597;-75.56468319;6.249281944;7/01/2016;5:10 p m;Thursday;Collision;CR 46 CL 52;MATERIAL DAMAGES
257590;-75.57442318;6.291899814;7/01/2016;5:15 a m;Thursday;Occupant fall;CR 71 A CL 96;INJURED
257620;-75.57076046;6.24473808;7/01/2016;5:20 p m;Thursday;Collision;CL 44 CR 51;MATERIAL DAMAGES
257576;-75.56242438;6.239368429;7/01/2016;5:30 a m;Thursday;Dumping;CR 39 CL 40 A;INJURED
257545;-75.58450952;6.282632691;7/01/2016;5:30 p m;Thursday;Collision;CR 80 CL 79 C;INJURED
257633;-75.57976285;6.247806872;7/01/2016;5:40 p m;Thursday;Collision;CR 62 CL 43;MATERIAL DAMAGES
257595;-75.57302267;6.275790441;7/01/2016;5:45 p m;Thursday;Collision;Tv 78 CR 64 C;MATERIAL DAMAGES
257579;-75.54450708;6.23878258;7/01/2016;6.:10 a m;Thursday;Dumping;CL 52 CR 20;INJURED
257577;-75.56092671;6.260974603;7/01/2016;6.:15 p m;Thursday;Collision;CR 50 CL 64;INJURED
257601;-75.5897013;6.239491254;7/01/2016;6.:25 p m;Thursday;Collision;Dg 74 B CL 33;MATERIAL DAMAGES
257614;-75.57008451;6.243704038;7/01/2016;6.:30 p m;Thursday;Collision;CR 50 CL 43;MATERIAL DAMAGES
257634;-75.5650487;6.18996235;7/01/2016;6.:32 p m;Thursday;Collision;Dg 29 D CL 9 Sur;MATERIAL DAMAGES
257574;-75.57693632;6.190350591;7/01/2016;6.:40 p m;Thursday;Other;CR 43 A CL 16 Sur;INJURED
257561;-75.55619132;6.251048832;7/01/2016;6.:45 p m;Thursday;Dumping;CR 39 CL 59;INJURED
257569;-75.57686911;6.25403809;7/01/2016;7:00 p m;Thursday;Occupant fall;CL 50 CR 62;INJURED
257575;-75.56989967;6.244380267;7/01/2016;7:00 p m;Thursday;run over pedestrian;CL 44 CR 50;INJURED
257625;-75.58753661;6.239291104;7/01/2016;7:00 p m;Thursday;Collision;CR 66 B CL 33;MATERIAL DAMAGES
257547;-75.56932863;6.245555262;7/01/2016;7:10 p m;Thursday;Collision;CR 50 CL 45;INJURED
257584;-75.564567;6.274628442;7/01/2016;7:20 p m;Thursday;Other;CL 80 CR 52;INJURED
257611;-75.57564156;6.19853776;7/01/2016;7:25 p m;Thursday;Collision;CR 43 C CL 6 Sur;MATERIAL DAMAGES
257624;-75.57069541;6.23610416;7/01/2016;7:30 a m;Thursday;Collision;CR 45 CL 37;MATERIAL DAMAGES
257626;-75.5765081;6.291227975;7/01/2016;7:30 p m;Thursday;Collision;CR 73 CL 95;MATERIAL DAMAGES
257604;-75.56684746;6.296737362;7/01/2016;7:40 p m;Thursday;Collision;CR 64 C CL 102;MATERIAL DAMAGES
257580;-75.55800756;6.239991459;7/01/2016;8:00 p m;Thursday;Other;CR 35 CL 45;INJURED
257586;-75.57033827;6.286416917;7/01/2016;8:00 p m;Thursday;run over pedestrian;CR 64 C CL 93;INJURED
257608;-75.56498964;6.259486014;7/01/2016;8:00 p m;Thursday;Collision;CR 51 CL 61;MATERIAL DAMAGES
257567;-75.57742135;6.271537808;7/01/2016;8:10 p m;Thursday;run over pedestrian;CL 71 CR 65;INJURED
257582;-75.57825419;6.225875543;7/01/2016;8:10 p m;Thursday;run over pedestrian;CR 52 CL 25;INJURED
257588;-75.55796402;6.273479714;7/01/2016;8:10 p m;Thursday;run over pedestrian;CR 49 CL 80;INJURED
257546;-75.56560885;6.249592845;7/01/2016;8:20 p m;Thursday;run over pedestrian;CL 52 CR 48;INJURED
257622;-75.58459862;6.196190867;7/01/2016;8:30 a m;Thursday;Collision;CL 12 sur CR 50 E;MATERIAL DAMAGES
257560;-75.56448345;6.241423424;7/01/2016;8:34 p m;Thursday;Collision;CR 42 CL 43;INJURED
257587;-75.5581209;6.305824171;7/01/2016;8:40 p m;Thursday;Collision;CL 111 FF CR 64;INJURED
257589;-75.58613042;6.243334694;7/01/2016;9:00 a m;Thursday;Dumping;CR 66 B CL 1 A;INJURED
257607;-75.6581897;6.184840809;7/01/2016;9:00 a m;Thursday;Collision;CR 82 CL 42 Sur;MATERIAL DAMAGES
257613;-75.60237501;6.248546526;7/01/2016;9:00 a m;Thursday;Collision;CR 81 CL 42;MATERIAL DAMAGES
257627;-75.57999575;6.285553454;7/01/2016;9:00 a m;Thursday;Collision;CR 74 C CL 88 A;MATERIAL DAMAGES
257559;-75.54549973;6.271543296;7/01/2016;9:00 p m;Thursday;Collision;CR 32 CL 81;INJURED
257581;-75.64924755;6.170336788;7/01/2016;9:15 a m;Thursday;run over pedestrian;CR 68 CL 64 Sur;INJURED
257593;-75.56634855;6.269555289;7/01/2016;9:15 p m;Thursday;Occupant fall;CL 73 CR 53;INJURED
257554;-75.63617924;6.277692957;7/01/2016;9:30 a m;Thursday;Other;CR 131 CL 62;INJURED
257566;-75.55852022;6.309069886;7/01/2016;9:30 a m;Thursday;Collision;CR 64 A CL 114;INJURED
257563;-75.56000502;6.298527989;7/01/2016;9:30 p m;Thursday;Collision;CR 63 CL 103 G;INJURED
257629;-75.58386706;6.245678794;7/01/2016;9:45 a m;Thursday;Collision;CR 65 CL 42 B;MATERIAL DAMAGES
257558;-75.58586091;6.261048966;7/01/2016;9:50 a m;Thursday;Collision;CL 53 CR 71;INJURED
257565;-75.59025415;6.276022144;7/01/2016;10:00 a m;Thursday;Other;CR 80 CL 75;INJURED
257543;-75.59939003;6.221741462;7/01/2016;10:00 p m;Thursday;Collision;CL 15 CR 79;INJURED
257540;-75.55426469;6.284481725;7/01/2016;10:15 a m;Thursday;Collision;CL 93 CR 46 A;INJURED
257621;-75.57747974;6.249989482;7/01/2016;10:20 a m;Thursday;Collision;CR 60 CL 46;MATERIAL DAMAGES
257635;-75.60669743;6.238643812;7/01/2016;10:20 a m;Thursday;Collision;CL 33 CR 83 A;MATERIAL DAMAGES
257615;-75.57322566;6.263057296;7/01/2016;10:28 a m;Thursday;Collision;CR 62 CL 62;MATERIAL DAMAGES
257572;-75.57007715;6.257574291;7/01/2016;10:40 a m;Thursday;Collision;CL 58 CR 56;INJURED
257606;-75.57044323;6.257818741;7/01/2016;10:40 a m;Thursday;Collision;CR 57 CL 58;MATERIAL DAMAGES
257544;-75.56942689;6.253077476;7/01/2016;11:00 a m;Thursday;run over pedestrian;CL 53 CR 53;INJURED
257618;-75.57535891;6.235428674;7/01/2016;11:10 p m;Thursday;Collision;CR 53 CL 32 A;MATERIAL DAMAGES
257568;-75.58084098;6.217215332;7/01/2016;11:20 a m;Thursday;Collision;CR 52 CL 14;INJURED
257553;-75.57180096;6.28084589;7/01/2016;11:25 a m;Thursday;Collision;CR 64 C CL 88 C;INJURED
257578;-75.56259439;6.263047684;7/01/2016;11:30 a m;Thursday;Other;CL 66 CR 50 C;INJURED
257609;-75.57143509;6.240697614;7/01/2016;11:30 a m;Thursday;Collision;CL 40 CR 50;MATERIAL DAMAGES
257555;-75.58775181;6.262350263;7/01/2016;11:35 a m;Thursday;run over pedestrian;CL 53 CR 73;INJURED
257583;-75.5579115;6.2827961;7/01/2016;11:45 p m;Thursday;Occupant fall;CR 50 CL 91;INJURED
257551;-75.5982329;6.256313654;7/01/2016;12:00 p m;Thursday;Collision;CR 80 CL 46;INJURED
257596;-75.55402235;6.272793295;7/01/2016;12:00 p m;Thursday;Collision;CR 45 CL 80;MATERIAL DAMAGES
257599;-75.58342767;6.238905237;7/01/2016;12:00 p m;Thursday;Collision;CL 32 F CR 65 A;MATERIAL DAMAGES
257549;-75.56520664;6.248348786;7/01/2016;12:20 p m;Thursday;Collision;CR 46 CL 50;INJURED
257557;-75.57303026;6.292828565;7/01/2016;12:55 p m;Thursday;Collision;CL 97 CR 70;INJURED
257711;-75.56993574;6.264876642;8/01/2016;1:00 p m;Friday;Collision;CL 67 CR 62;MATERIAL DAMAGES
257725;-75.54534268;6.240522902;8/01/2016;1:00 p m;Friday;Collision;CL 52 CR 22;MATERIAL DAMAGES
257638;-75.57139261;6.260580052;8/01/2016;1:20 p m;Friday;Collision;CL 61 CR 56 A;INJURED
257721;-75.59880181;6.231271422;8/01/2016;1:30 p m;Friday;Collision;CR 78 A CL 30;MATERIAL DAMAGES
257701;-75.61842495;6.244754834;8/01/2016;1:50 p m;Friday;Collision;CL 34 B CR 93;MATERIAL DAMAGES
257719;-75.56945042;6.236878488;8/01/2016;2:00 p m;Friday;Collision;CR 44 CL 37;MATERIAL DAMAGES
257726;-75.55852022;6.309069886;8/01/2016;2:05 p m;Friday;Collision;CR 64 AA CL 114 A;MATERIAL DAMAGES
257704;-75.56794644;6.25543488;8/01/2016;2:10 p m;Friday;Collision;CR 52 CL 56;MATERIAL DAMAGES
257669;-75.57716197;6.217300411;8/01/2016;2:30 p m;Friday;Collision;CR 49 CL 16;INJURED
257672;-75.57322427;6.260352025;8/01/2016;2:30 p m;Friday;Other;CL 58 CR 62;INJURED
257708;-75.5724515;6.257476263;8/01/2016;2:50 p m;Friday;Collision;CL 56 CR 57;MATERIAL DAMAGES
257723;-75.57208423;6.282132074;8/01/2016;2:50 p m;Friday;Collision;CR 65 CL 89;MATERIAL DAMAGES
257724;-75.57416676;6.261085644;8/01/2016;2:50 p m;Friday;Collision;CR 63 CL 58;MATERIAL DAMAGES
257715;-75.58825382;6.240906515;8/01/2016;3:00 p m;Friday;Collision;CR 66 B CL 34 A;MATERIAL DAMAGES
257722;-75.58749009;6.239335857;8/01/2016;3:16 p m;Friday;Collision;CL 33 CR 66 BB;MATERIAL DAMAGES
257668;-75.61718939;6.255356086;8/01/2016;3:40 p m;Friday;Collision;CL 41 CR 101 A;INJURED
257670;-75.55614354;6.244806386;8/01/2016;3:45 p m;Friday;Other;CL 52 CR 36;INJURED
257662;-75.5735325;6.285965845;8/01/2016;4:00 p m;Friday;Collision;CR 67 CL 92 DD;INJURED
257707;-75.56649569;6.257857642;8/01/2016;4:00 p m;Friday;Collision;CR 51 D CL 59;MATERIAL DAMAGES
257641;-75.57046791;6.293477614;8/01/2016;4:30 p m;Friday;Other;CR 67 CL 98;INJURED
257652;-75.59816727;6.231347041;8/01/2016;4:30 p m;Friday;Collision;CL 30 CR 78;INJURED
257674;-75.57489447;6.22630296;8/01/2016;4:30 p m;Friday;Collision;CR 48 CL 25;INJURED
257658;-75.55539515;6.264386045;8/01/2016;4:45 a m;Friday;run over pedestrian;CL 69 CR 45;INJURED
257709;-75.58302755;6.238939062;8/01/2016;4:57 p m;Friday;Collision;CL 32 F CR 65;MATERIAL DAMAGES
257642;-75.61729879;6.245251811;8/01/2016;5:00 p m;Friday;Collision;CR 92 CL 34 CC;INJURED
257706;-75.57365023;6.275472659;8/01/2016;5:00 p m;Friday;Collision;Tv 78 CL 65;MATERIAL DAMAGES
257736;-75.57199533;6.262983182;8/01/2016;5:00 p m;Friday;Collision;CR 58 CL 65;MATERIAL DAMAGES
257698;-75.54651047;6.226817228;8/01/2016;5:15 p m;Friday;Collision;CL 32 F CR 17;MATERIAL DAMAGES
257697;-75.57434884;6.212243411;8/01/2016;5:20 p m;Friday;Collision;CL 10 CR 43 FF;MATERIAL DAMAGES
257644;-75.5857127;6.243805087;8/01/2016;5:30 p m;Friday;Collision;CR 66 B CL 3;INJURED
257735;-75.54655184;6.226779983;8/01/2016;5:30 p m;Friday;Collision;CR 16 B CL 32;MATERIAL DAMAGES
257702;-75.56761043;6.252787289;8/01/2016;5:40 p m;Friday;Collision;CR 51 CL 53;MATERIAL DAMAGES
257664;-75.5768093;6.254019107;8/01/2016;5:50 p m;Friday;run over pedestrian;CR 62 CL 50;INJURED
257714;-75.58865214;6.263001137;8/01/2016;5:50 p m;Friday;Collision;CL 53 CR 74;MATERIAL DAMAGES
257683;-75.59823074;6.23362849;8/01/2016;6.:00 p m;Friday;Other;CL 32 CR 78;INJURED
257646;-75.57476417;6.292011638;8/01/2016;6.:30 a m;Friday;Collision;CR 72 CL 96;INJURED
257679;-75.54300977;6.240564307;8/01/2016;6.:30 a m;Friday;Occupant fall;CR 20 B CL 56 A;INJURED
257665;-75.56724906;6.253709419;8/01/2016;6.:30 p m;Friday;Collision;CR 51 CL 54;INJURED
257653;-75.58191981;6.214611914;8/01/2016;6.:40 a m;Friday;Collision;CR 52 CL 10;INJURED
257696;-75.57759502;6.227652554;8/01/2016;6.:40 a m;Friday;Collision;CR 52 CL 29;MATERIAL DAMAGES
257645;-75.60229098;6.250864961;8/01/2016;7:00 p m;Friday;Other;CL 44 CR 80;INJURED
257663;-75.57851744;6.240020348;8/01/2016;7:00 p m;Friday;Collision;CR 63 CL 33;INJURED
257691;-75.55029517;6.249300094;8/01/2016;7:00 p m;Friday;run over pedestrian;CL 58 CR 30;INJURED
257712;-75.55798793;6.303455204;8/01/2016;7:00 p m;Friday;Collision;CR 64 A CL 111;MATERIAL DAMAGES
257648;-75.58104869;6.25612018;8/01/2016;7:10 p m;Friday;Collision;CL 50 CR 65;INJURED
257710;-75.56299801;6.249631988;8/01/2016;7:10 p m;Friday;Collision;CR 45 CL 53;MATERIAL DAMAGES
257690;-75.59145227;6.231597119;8/01/2016;7:15 p m;Friday;Collision;CL 30 CR 69;INJURED
257692;-75.53213479;6.234298607;8/01/2016;7:20 p m;Friday;run over pedestrian;CL 55 CR 7;INJURED
257693;-75.5663381;6.246813984;8/01/2016;7:30 a m;Friday;Occupant fall;CR 46 CL 48;INJURED
257684;-75.5638235;6.24092918;8/01/2016;7:30 p m;Friday;Dumping;CL 43 CR 40;INJURED
257673;-75.56841841;6.24385774;8/01/2016;7:40 p m;Friday;Other;CR 46 CL 44;INJURED
257703;-75.57619464;6.213677283;8/01/2016;7:40 p m;Friday;Collision;CR 48 CL 10;MATERIAL DAMAGES
257661;-75.57273359;6.235244204;8/01/2016;7:45 a m;Friday;run over pedestrian;CR 48 CL 34;INJURED
257686;-75.55434272;6.277257848;8/01/2016;8:00 a m;Friday;run over pedestrian;CR 46 CL 85;INJURED
257734;-75.57126971;6.251161239;8/01/2016;8:22 p m;Friday;Collision;CR 54 CL 50;MATERIAL DAMAGES
257654;-75.5769716;6.302910061;8/01/2016;8:30 a m;Friday;Other;CR 77 B CL 103;INJURED
257678;-75.56936628;6.264785248;8/01/2016;8:30 a m;Friday;Other;CL 67 CR 55;INJURED
257687;-75.57439852;6.231934731;8/01/2016;8:30 p m;Friday;Other;CL 30 CR 48;INJURED
257730;-75.63875747;6.231660692;8/01/2016;8:40 p m;Friday;Collision;CR 110 CL 30;MATERIAL DAMAGES
257651;-75.56797232;6.263059975;8/01/2016;8:50 a m;Friday;Occupant fall;CR 55 CL 65;INJURED
257659;-75.55559905;6.270291284;8/01/2016;8:50 p m;Friday;Other;CR 46 CL 77;INJURED
257682;-75.58267632;6.234125656;8/01/2016;9:00 a m;Friday;Other;CR 65 CL 31;INJURED
257689;-75.55675891;6.300661681;8/01/2016;9:00 p m;Friday;run over pedestrian;CR 52 CL 109;INJURED
257666;-75.56468319;6.249281944;8/01/2016;9:10 p m;Friday;Collision;CR 46 CL 52;INJURED
257680;-75.57033827;6.286416917;8/01/2016;9:20 a m;Friday;Occupant fall;CR 65 CL 93;INJURED
257731;-75.58749009;6.239335857;8/01/2016;9:30 p m;Friday;Collision;CL 33 CR 66 B;MATERIAL DAMAGES
257728;-75.55373451;6.280670432;8/01/2016;9:50 a m;Friday;Collision;CR 46 CL 46;MATERIAL DAMAGES
257639;-75.57665611;6.267473501;8/01/2016;10:00 a m;Friday;Collision;Dg 64 E CL 67;INJURED
257643;-75.58707819;6.204318242;8/01/2016;10:00 a m;Friday;Collision;CR 52 CL 6 Sur;INJURED
257667;-75.58707819;6.204318242;8/01/2016;10:00 a m;Friday;Collision;CR 52 CL 6 Sur;INJURED
257717;-75.56346537;6.311186839;8/01/2016;10:00 a m;Friday;Collision;CR 64 AA CL 119;MATERIAL DAMAGES
257699;-75.57076046;6.24473808;8/01/2016;10:10 a m;Friday;Collision;CL 44 CR 51;MATERIAL DAMAGES
257675;-75.57199533;6.262983182;8/01/2016;10:10 p m;Friday;Other;CR 58 CL 65;INJURED
257720;-75.58185862;6.216595938;8/01/2016;10:24 a m;Friday;Collision;CL 12 CR 52 A;MATERIAL DAMAGES
257737;-75.57014414;6.307726575;8/01/2016;11:00 a m;Friday;Collision;CL 110 CR 74;MATERIAL DAMAGES
257656;-75.55874184;6.249285253;8/01/2016;11:00 p m;Friday;Collision;CL 55 CR 40;INJURED
257695;-75.56633728;6.244872181;8/01/2016;11:10 a m;Friday;Collision;CR 45 CL 46;MATERIAL DAMAGES
257718;-75.57384492;6.274977418;8/01/2016;11:15 a m;Friday;Collision;CR 65 CL 75 B;MATERIAL DAMAGES
257727;-75.57499107;6.265673125;8/01/2016;11:15 a m;Friday;Collision;CL 67 CR 64 C;MATERIAL DAMAGES
257649;-75.571546;6.288212069;8/01/2016;11:20 a m;Friday;Other;CL 94 CR 66;INJURED
257676;-75.58995365;6.236107484;8/01/2016;11:20 a m;Friday;Collision;CR 69 CL 32 B;INJURED
257729;-75.5795599;6.21404569;8/01/2016;11:20 a m;Friday;Collision;CL 10 CR 52;MATERIAL DAMAGES
257713;-75.53746228;6.236137471;8/01/2016;11:30 a m;Friday;Collision;CR 11 CL 54;MATERIAL DAMAGES
257671;-75.57150453;6.245047707;8/01/2016;11:40 a m;Friday;Occupant fall;CL 44 CR 52;INJURED
257681;-75.57874524;6.275977821;8/01/2016;11:40 p m;Friday;Other;CL 78 B CR 69;INJURED
257640;-75.57199533;6.262983182;8/01/2016;12:00 p m;Friday;Collision;CR 58 CL 64;INJURED
257700;-75.57637198;6.276243578;8/01/2016;12:05 p m;Friday;Collision;CR 67 CL 79 B;MATERIAL DAMAGES
257677;-75.54267856;6.236653566;8/01/2016;12:10 p m;Friday;Other;CL 51 CR 18;INJURED
257650;-75.58046807;6.248048051;8/01/2016;12:15 p m;Friday;Other;CR 63 CL 44;INJURED
257657;-75.58713063;6.286726655;8/01/2016;12:20 p m;Friday;Collision;CL 80 CR 87;INJURED
257647;-75.56942268;6.288414598;8/01/2016;12:30 p m;Friday;Other;CR 64 C CL 95;INJURED
257694;-75.57515118;6.247604837;8/01/2016;12:30 p m;Friday;Occupant fall;CR 57 CL 45;INJURED
257733;-75.57313732;6.200258207;8/01/2016;12:35 p m;Friday;Collision;CL 4 sur CR 43 A;MATERIAL DAMAGES
257705;-75.57469681;6.246121756;8/01/2016;12:38 p m;Friday;Collision;CR 57 CL 44;MATERIAL DAMAGES
257763;-75.57445781;6.273602533;9/01/2016;1:00 a m;Saturday;Occupant fall;CR 65 CL 75;INJURED
257791;-75.57705657;6.246152806;9/01/2016;1:25 p m;Saturday;Other;CR 58 CL 43;INJURED
257759;-75.57165771;6.242011282;9/01/2016;1:30 p m;Saturday;run over pedestrian;CR 51 CL 41;INJURED
257804;-75.57120272;6.284602032;9/01/2016;1:45 p m;Saturday;Collision;CR 64 C CL 92 F;MATERIAL DAMAGES
257741;-75.5891015;6.276338343;9/01/2016;2:00 p m;Saturday;Other;CR 79 C CL 75;INJURED
257742;-75.56784531;6.249424323;9/01/2016;2:00 p m;Saturday;Collision;CR 50 CL 50;INJURED
257775;-75.56794644;6.25543488;9/01/2016;2:00 p m;Saturday;Other;CR 52 CL 56;INJURED
257785;-75.60197617;6.228267241;9/01/2016;2:00 p m;Saturday;Other;CL 27 CR 82;INJURED
257798;-75.57052893;6.304883252;9/01/2016;2:00 p m;Saturday;Collision;CR 74 CL 106 B;MATERIAL DAMAGES
257758;-75.57595884;6.225899192;9/01/2016;2:30 p m;Saturday;Collision;CR 49 CL 30;INJURED
257793;-75.60221518;6.250844896;9/01/2016;2:30 p m;Saturday;Collision;CR 80 CL 45 E;MATERIAL DAMAGES
257805;-75.58311084;6.212601635;9/01/2016;2:30 p m;Saturday;Collision;CR 52 CL 7;MATERIAL DAMAGES
257800;-75.59579759;6.250602304;9/01/2016;2:42 p m;Saturday;Collision;CL 44 A CR 77;MATERIAL DAMAGES
257782;-75.57315675;6.246904326;9/01/2016;3:00 p m;Saturday;Collision;CR 54 CL 45;INJURED
257778;-75.62642812;6.224397351;9/01/2016;3:10 p m;Saturday;Collision;CL 18 CR 105;INJURED
257743;-75.58741576;6.279910579;9/01/2016;3:15 p m;Saturday;Occupant fall;CL 77 BB CR 80;INJURED
257808;-75.57362231;6.275445447;9/01/2016;3:25 p m;Saturday;Collision;CR 65 Tv 78;MATERIAL DAMAGES
257771;-75.58330664;6.226637774;9/01/2016;3:30 p m;Saturday;Collision;CR 65 CL 25 A;INJURED
257806;-75.59552013;6.26891958;9/01/2016;3:30 p m;Saturday;Collision;CL 54 A CR 80;MATERIAL DAMAGES
257772;-75.54039426;6.152938159;9/01/2016;3:45 p m;Saturday;Collision;Tramo 8 Kilometro 9;INJURED
257813;-75.5593128;6.198934808;9/01/2016;4:10 p m;Saturday;Collision;CL 1 sur CR 29;MATERIAL DAMAGES
257750;-75.55692097;6.267159416;9/01/2016;4:30 p m;Saturday;Collision;CR 47 CL 72;INJURED
257801;-75.5724515;6.257476263;9/01/2016;4:50 a m;Saturday;Collision;CR 57 CL 56;MATERIAL DAMAGES
257784;-75.57360771;6.255711093;9/01/2016;4:50 p m;Saturday;run over pedestrian;CR 57 CL 54;INJURED
257809;-75.57120272;6.284602032;9/01/2016;4:50 p m;Saturday;Collision;CR 64 C CL 92;MATERIAL DAMAGES
257773;-75.57319504;6.199836107;9/01/2016;5:15 p m;Saturday;Other;CR 43 A CL 5 Sur;INJURED
257757;-75.56298634;6.254062994;9/01/2016;5:30 p m;Saturday;Other;CL 57 CR 47;INJURED
257767;-75.54343949;6.239400725;9/01/2016;5:40 p m;Saturday;Occupant fall;CL 56 CR 20;INJURED
257744;-75.55347549;6.27620796;9/01/2016;5:50 p m;Saturday;Occupant fall;CR 45 CL 84;INJURED
257810;-75.59640325;6.255023601;9/01/2016;5:50 p m;Saturday;Collision;CL 45 G CR 78;MATERIAL DAMAGES
257746;-75.55307406;6.240475037;9/01/2016;6.:00 p m;Saturday;Collision;CR 30 CL 48 A;INJURED
257748;-75.60194494;6.25057117;9/01/2016;6.:20 a m;Saturday;Collision;CL 44 CR 81;INJURED
257777;-75.55631565;6.261430007;9/01/2016;6.:20 p m;Saturday;run over pedestrian;CL 66 CR 45;INJURED
257766;-75.5717366;6.257049201;9/01/2016;6.:40 p m;Saturday;run over pedestrian;CL 56 CR 56 A;INJURED
257760;-75.56284459;6.255095144;9/01/2016;6.:50 a m;Saturday;Collision;CR 48 CL 58;INJURED
257754;-75.58345494;6.289814931;9/01/2016;7:00 a m;Saturday;run over pedestrian;CL 92 CR 79;INJURED
257751;-75.57874524;6.275977821;9/01/2016;7:00 p m;Saturday;Dumping;CL 78 B CR 69;INJURED
257774;-75.57896367;6.288339484;9/01/2016;7:00 p m;Saturday;Other;CR 74 CL 92;INJURED
257776;-75.57214268;6.282164709;9/01/2016;7:00 p m;Saturday;Other;CL 88 A CR 64 A;INJURED
257789;-75.55012043;6.281833943;9/01/2016;7:00 p m;Saturday;run over pedestrian;CR 42 B CL 91;INJURED
257762;-75.59627301;6.232835128;9/01/2016;7:10 a m;Saturday;Collision;CR 76 CL 31;INJURED
257794;-75.59555971;6.273792844;9/01/2016;7:10 a m;Saturday;Collision;CR 84 CL 63;MATERIAL DAMAGES
257802;-75.57216334;6.266932962;9/01/2016;7:45 a m;Saturday;Collision;CR 63 CL 72;MATERIAL DAMAGES
257753;-75.58756481;6.264786046;9/01/2016;8:00 a m;Saturday;Collision;CL 55 CR 74;INJURED
257788;-75.56284459;6.255095144;9/01/2016;8:00 p m;Saturday;Collision;CR 48 CL 58;INJURED
257769;-75.55030398;6.257303443;9/01/2016;8:10 p m;Saturday;Collision;CL 66 CR 37;INJURED
257764;-75.56601341;6.248665292;9/01/2016;8:30 a m;Saturday;run over pedestrian;CR 47 CL 50;INJURED
257780;-75.54283758;6.262122478;9/01/2016;8:30 p m;Saturday;run over pedestrian;CL 68 A CR 28;INJURED
257799;-75.60293267;6.2393931;9/01/2016;8:34 p m;Saturday;Collision;CR 81 CL 33 A;MATERIAL DAMAGES
257761;-75.57130974;6.236800359;9/01/2016;8:40 a m;Saturday;Collision;CL 36 CR 46;INJURED
257770;-75.57244648;6.228877366;9/01/2016;8:45 a m;Saturday;run over pedestrian;CR 45 CL 28;INJURED
257768;-75.59098086;6.258693062;9/01/2016;9:00 a m;Saturday;Collision;CR 74 CL 49;INJURED
257779;-75.57033827;6.286416917;9/01/2016;9:00 a m;Saturday;Other;CR 64 C CL 94;INJURED
257752;-75.55768093;6.263142383;9/01/2016;9:15 p m;Saturday;Collision;CL 67 CR 48;INJURED
257803;-75.5746501;6.236077703;9/01/2016;9:20 a m;Saturday;Collision;CR 52 CL 34;MATERIAL DAMAGES
257781;-75.60154629;6.210758048;9/01/2016;9:30 a m;Saturday;Other;CR 79 CL 1 Sur;INJURED
257740;-75.5774556;6.215121018;9/01/2016;9:45 a m;Saturday;Collision;CL 10 CR 49;INJURED
257756;-75.60036968;6.216521067;9/01/2016;10:00 a m;Saturday;Other;CL 5 CR 76 A;INJURED
257796;-75.57581807;6.276810969;9/01/2016;10:00 a m;Saturday;Collision;CR 67 CL 79 C;MATERIAL DAMAGES
257786;-75.56481545;6.272931093;9/01/2016;10:30 a m;Saturday;Collision;CR 52 CL 78;INJURED
257747;-75.57398445;6.261268084;9/01/2016;10:50 a m;Saturday;Other;CL 58 CR 63;INJURED
257749;-75.55920793;6.23972053;9/01/2016;11:00 p m;Saturday;Other;CL 44 CR 36;INJURED
257807;-75.59764496;6.24951842;9/01/2016;11:15 a m;Saturday;Collision;CL 43 CR 80;MATERIAL DAMAGES
257739;-75.59645976;6.267750953;9/01/2016;11:20 a m;Saturday;Other;CR 80 A CL 53 A;INJURED
257738;-75.55090111;6.238905106;9/01/2016;11:30 a m;Saturday;run over pedestrian;CL 48 CR 27;INJURED
257811;-75.57098;6.23755253;9/01/2016;11:50 a m;Saturday;Collision;CL 37 CR 46;MATERIAL DAMAGES
257755;-75.54290082;6.283896908;9/01/2016;12:00 p m;Saturday;Collision;CR 31 CL 92 D;INJURED
257765;-75.61855926;6.252485418;9/01/2016;12:10 a m;Saturday;Collision;CL 39 CR 106 A;INJURED
257790;-75.56915628;6.293144846;9/01/2016;12:15 p m;Saturday;Collision;CR 64 C CL 99;INJURED
257812;-75.57539459;6.239974403;9/01/2016;12:20 p m;Saturday;Collision;CR 55 CL 37;MATERIAL DAMAGES
257745;-75.59560013;6.268245156;9/01/2016;12:30 p m;Saturday;Other;CR 80 CL 54;INJURED
257797;-75.58782291;6.210383372;9/01/2016;12:37 p m;Saturday;Collision;CR 65 CL 2;MATERIAL DAMAGES
257792;-75.56938404;6.260251271;9/01/2016;12:45 a m;Saturday;Collision;CR 55 CL 61;MATERIAL DAMAGES
257815;-75.54034102;6.231858396;10/01/2016;1:00 p m;Sunday;run over pedestrian;CL 49 CR 11 C;INJURED
257851;-75.60657834;6.220037447;10/01/2016;1:00 p m;Sunday;Other;CL 8 CR 85;INJURED
257828;-75.56847361;6.243878894;10/01/2016;1:10 p m;Sunday;run over pedestrian;CL 44 CR 46;INJURED
257835;-75.57303026;6.292828565;10/01/2016;1:20 a m;Sunday;Collision;CL 97 CR 70;INJURED
257829;-75.59395639;6.289859931;10/01/2016;1:30 a m;Sunday;run over pedestrian;CR 94 CL 78 B;INJURED
257860;-75.57001397;6.254646806;10/01/2016;1:30 p m;Sunday;Other;CR 55 B CL 54;INJURED
257842;-75.56927169;6.275783705;10/01/2016;1:40 p m;Sunday;Collision;CL 78 CR 63;INJURED
257872;-75.57600977;6.254919555;10/01/2016;1:40 p m;Sunday;Collision;CR 61 CL 52;MATERIAL DAMAGES
257839;-75.63067165;6.278785942;10/01/2016;2:20 p m;Sunday;Occupant fall;CL 64 CR 125;INJURED
257818;-75.58756843;6.264782158;10/01/2016;3:00 p m;Sunday;Collision;CL 55 CR 73;INJURED
257858;-75.59571868;6.288411638;10/01/2016;3:00 p m;Sunday;run over pedestrian;CR 94 A CL 77 DD;INJURED
257836;-75.57011324;6.234552007;10/01/2016;3:06 a m;Sunday;Collision;CL 34 CR 43 A;INJURED
257831;-75.5822798;6.285844306;10/01/2016;3:10 p m;Sunday;Collision;CR 76 CL 88;INJURED
257821;-75.57742135;6.271537808;10/01/2016;3:15 a m;Sunday;Collision;CL 71 CR 65;INJURED
257849;-75.59670331;6.239001246;10/01/2016;3:35 a m;Sunday;Collision;CL 33 CR 76;INJURED
257874;-75.56469179;6.218071797;10/01/2016;3:45 p m;Sunday;Collision;CL 19 CR 35;MATERIAL DAMAGES
257814;-75.56307131;6.242594072;10/01/2016;4:00 p m;Sunday;Other;CR 41 CL 46;INJURED
257879;-75.58060819;6.226724107;10/01/2016;4:02 p m;Sunday;Collision;CR 55 CL 25;MATERIAL DAMAGES
257832;-75.55439272;6.271086462;10/01/2016;4:20 a m;Sunday;Collision;CR 45 CL 78;INJURED
257840;-75.54669911;6.244725685;10/01/2016;4:45 p m;Sunday;Occupant fall;CR 25 BB CL 56;INJURED
257823;-75.55286755;6.279635551;10/01/2016;4:50 p m;Sunday;Collision;CR 45 CL 87;INJURED
257876;-75.55730104;6.249331883;10/01/2016;5:00 p m;Sunday;Collision;CR 39 CL 56;MATERIAL DAMAGES
257817;-75.61214573;6.260467321;10/01/2016;5:30 p m;Sunday;Occupant fall;CL 48 C CR 97 A;INJURED
257881;-75.55308637;6.303902983;10/01/2016;6.:00 a m;Sunday;Collision;CL 118 CR 50 A;MATERIAL DAMAGES
257856;-75.55841728;6.237926801;10/01/2016;6.:00 p m;Sunday;run over pedestrian;CR 34 CL 42;INJURED
257825;-75.57280476;6.276370391;10/01/2016;6.:30 p m;Sunday;run over pedestrian;CL 78 CR 64 C;INJURED
257826;-75.58376117;6.245447452;10/01/2016;6.:30 p m;Sunday;Collision;CR 65 CL 7;INJURED
257857;-75.59393778;6.280216642;10/01/2016;6.:30 p m;Sunday;Other;CR 87 A CL 76;INJURED
257853;-75.55391995;6.235378851;10/01/2016;6.:50 a m;Sunday;run over pedestrian;CL 42 CR 28;INJURED
257870;-75.56381607;6.252452798;10/01/2016;6.:50 a m;Sunday;Collision;CR 47 CL 55;MATERIAL DAMAGES
257869;-75.5780049;6.285597353;10/01/2016;6.:50 p m;Sunday;Collision;CL 91 CR 72;MATERIAL DAMAGES
257844;-75.58756843;6.264782158;10/01/2016;7:10 a m;Sunday;Other;CL 55 CR 73;INJURED
257848;-75.552486;6.306630841;10/01/2016;7:30 p m;Sunday;Collision;CR 50 B CL 124;INJURED
257877;-75.57619464;6.213677283;10/01/2016;7:30 p m;Sunday;Collision;CR 48 CL 11;MATERIAL DAMAGES
257865;-75.57742135;6.271537808;10/01/2016;8:00 p m;Sunday;Collision;CL 72 CR 65;MATERIAL DAMAGES
257880;-75.5732876;6.226508478;10/01/2016;8:00 p m;Sunday;Collision;CR 43 A CL 25 A;MATERIAL DAMAGES
257863;-75.56921748;6.275749714;10/01/2016;8:15 p m;Sunday;Collision;CR 63 CL 78;MATERIAL DAMAGES
257854;-75.54764476;6.298646161;10/01/2016;8:30 p m;Sunday;run over pedestrian;CR 42 B CL 110;INJURED
257878;-75.58450952;6.282632691;10/01/2016;9:20 p m;Sunday;Collision;CR 80 CL 79 C;MATERIAL DAMAGES
257868;-75.56228374;6.253392097;10/01/2016;9:30 a m;Sunday;Collision;CR 46 CL 57;MATERIAL DAMAGES
257873;-75.55807233;6.24000493;10/01/2016;9:30 a m;Sunday;Collision;CL 45 CR 35;MATERIAL DAMAGES
257822;-75.55739352;6.276933709;10/01/2016;9:30 p m;Sunday;Collision;CL 84 CR 49 B;INJURED
257833;-75.59134994;6.284077331;10/01/2016;9:30 p m;Sunday;Collision;CR 88 CL 77 C;INJURED
257820;-75.55126687;6.240085982;10/01/2016;9:45 a m;Sunday;Collision;CL 49 CR 28;INJURED
257845;-75.55779646;6.244499397;10/01/2016;10:05 a m;Sunday;Collision;CR 37 CL 50;INJURED
257883;-75.50719878;6.232655263;10/01/2016;10:08 p m;Sunday;Collision;Via Santa Elena Km 11 + 940;DEAD
257871;-75.53007848;6.232378279;10/01/2016;10:25 a m;Sunday;Collision;CL 55 CR 2;MATERIAL DAMAGES
257861;-75.59149539;6.289198931;10/01/2016;10:30 a m;Sunday;Other;CL 80 CR 91 C;INJURED
257830;-75.57825419;6.225875543;10/01/2016;10:55 a m;Sunday;run over pedestrian;CR 52 CL 25;INJURED
257837;-75.58321344;6.248576198;10/01/2016;11:00 a m;Sunday;Other;CR 65 CL 44;INJURED
257850;-75.54516739;6.270108471;10/01/2016;11:00 a m;Sunday;Occupant fall;CR 32 CL 79;INJURED
257816;-75.56525157;6.283758504;10/01/2016;11:00 p m;Sunday;Other;CR 55 CL 91;INJURED
257852;-75.5665531;6.297649728;10/01/2016;11:10 a m;Sunday;Collision;CR 64 C CL 103 D;INJURED
257843;-75.5609416;6.238995952;10/01/2016;11:20 a m;Sunday;Collision;CR 36 A CL 41;INJURED
257838;-75.58039522;6.219161398;10/01/2016;11:20 p m;Sunday;Collision;CR 52 CL 17;INJURED
257819;-75.59609291;6.256489351;10/01/2016;11:30 a m;Sunday;Collision;CR 78 CL 47;INJURED
257827;-75.56327602;6.302435211;10/01/2016;11:30 a m;Sunday;Collision;CR 64 C CL 111 A;INJURED
257866;-75.58825382;6.240906515;10/01/2016;11:50 a m;Sunday;Collision;CR 66 B CL 34 A;MATERIAL DAMAGES
257864;-75.61943682;6.254631264;10/01/2016;11:55 p m;Sunday;Collision;CL 40 CR 105;MATERIAL DAMAGES
257834;-75.55029338;6.294212432;10/01/2016;12:00 a m;Sunday;run over pedestrian;CR 43 B CL 105;INJURED
257847;-75.55251266;6.249026586;10/01/2016;12:00 a m;Sunday;Other;CL 58 CR 32;INJURED
257824;-75.5668575;6.252084034;10/01/2016;12:00 p m;Sunday;Collision;CL 52 A CR 50;INJURED
257875;-75.56267448;6.252688208;10/01/2016;12:00 p m;Sunday;Collision;CR 46 CL 56;MATERIAL DAMAGES
257867;-75.57229751;6.292564413;10/01/2016;12:20 p m;Sunday;Collision;CR 69 CL 97;MATERIAL DAMAGES
